frame,shot_type
1,Unknown
2,Unknown
3,Unknown
4,Unknown
5,Unknown
6,Unknown
7,Unknown
8,Unknown
9,Unknown
10,Unknown
11,Unknown
12,Unknown
13,Unknown
14,Unknown
15,Unknown
16,Unknown
17,Unknown
18,Unknown
19,Unknown
20,Unknown
21,Unknown
22,Unknown
23,Unknown
24,Unknown
25,Unknown
26,Unknown
27,Unknown
28,Unknown
29,Unknown
30,Unknown
31,Unknown
32,Unknown
33,Unknown
34,Unknown
35,Unknown
36,Unknown
37,Unknown
38,Unknown
39,Unknown
40,Unknown
41,Unknown
42,Unknown
43,Unknown
44,Unknown
45,Unknown
46,Unknown
47,Unknown
48,Unknown
49,Unknown
50,Unknown
51,Unknown
52,Unknown
53,Unknown
54,Unknown
55,Unknown
56,Unknown
57,Unknown
58,Unknown
59,Unknown
60,Unknown
61,Unknown
62,Unknown
63,Unknown
64,Unknown
65,Unknown
66,Unknown
67,Unknown
68,Unknown
69,Unknown
70,Unknown
71,Unknown
72,Unknown
73,Unknown
74,Unknown
75,Unknown
76,Unknown
77,Unknown
78,Unknown
79,Unknown
80,Unknown
81,Unknown
82,Unknown
83,Unknown
84,Unknown
85,Unknown
86,Unknown
87,Unknown
88,Unknown
89,Unknown
90,Unknown
91,Unknown
92,Unknown
93,Unknown
94,Unknown
95,Unknown
96,Unknown
97,Unknown
98,Unknown
99,Unknown
100,Unknown
101,Unknown
102,Unknown
103,Unknown
104,Unknown
105,Unknown
106,Unknown
107,Unknown
108,Unknown
109,Unknown
110,Unknown
111,Unknown
112,Unknown
113,Unknown
114,Unknown
115,Unknown
116,Unknown
117,Unknown
118,Unknown
119,Unknown
120,Unknown
121,Unknown
122,Unknown
123,Unknown
124,Unknown
125,Unknown
126,Unknown
127,Unknown
128,Unknown
129,Unknown
130,Unknown
131,Unknown
132,Unknown
133,Unknown
134,Unknown
135,Unknown
136,Unknown
137,Unknown
138,Unknown
139,Unknown
140,Unknown
141,Unknown
142,Unknown
143,Unknown
144,Unknown
145,Unknown
146,Unknown
147,Unknown
148,Unknown
149,Unknown
150,Unknown
151,Unknown
152,Unknown
153,Unknown
154,Unknown
155,Unknown
156,Unknown
157,Unknown
158,Unknown
159,Unknown
160,Unknown
161,Unknown
162,Unknown
163,Unknown
164,Unknown
165,Unknown
166,Unknown
167,Unknown
168,Unknown
169,Unknown
170,Unknown
171,Unknown
172,Unknown
173,Unknown
174,Unknown
175,Unknown
176,Unknown
177,Unknown
178,Unknown
179,Unknown
180,Unknown
181,Unknown
182,Unknown
183,Unknown
184,Unknown
185,Unknown
186,Unknown
187,Unknown
188,Unknown
189,Unknown
190,Unknown
191,Unknown
192,Unknown
193,Unknown
194,Unknown
195,Unknown
196,Unknown
197,Unknown
198,Unknown
199,Unknown
200,Unknown
201,Unknown
202,Unknown
203,Unknown
204,Unknown
205,Unknown
206,Unknown
207,Unknown
208,Unknown
209,Unknown
210,Unknown
211,Unknown
212,Unknown
213,Unknown
214,Unknown
215,Unknown
216,Unknown
217,Unknown
218,Unknown
219,Unknown
220,Unknown
221,Unknown
222,Unknown
223,Unknown
224,Unknown
225,Unknown
226,Unknown
227,Unknown
228,Unknown
229,Unknown
230,Unknown
231,Unknown
232,Unknown
233,Unknown
234,Unknown
235,Unknown
236,Unknown
237,Unknown
238,Unknown
239,Unknown
240,Unknown
241,Unknown
242,Unknown
243,Unknown
244,Unknown
245,Unknown
246,Unknown
247,Unknown
248,Unknown
249,Unknown
250,Unknown
251,Unknown
252,Unknown
253,Unknown
254,Unknown
255,Unknown
256,Unknown
257,Unknown
258,Unknown
259,Unknown
260,Unknown
261,Unknown
262,Unknown
263,Unknown
264,Unknown
265,Unknown
266,Unknown
267,Unknown
268,Unknown
269,Unknown
270,Unknown
271,Unknown
272,Unknown
273,Unknown
274,Unknown
275,Unknown
276,Unknown
277,Unknown
278,Unknown
279,Unknown
280,Unknown
281,Unknown
282,Unknown
283,Unknown
284,Unknown
285,Unknown
286,Unknown
287,Unknown
288,Unknown
289,Unknown
290,Unknown
291,Unknown
292,Unknown
293,Unknown
294,Unknown
295,Unknown
296,Unknown
297,Unknown
298,Unknown
299,Unknown
300,Unknown
301,Unknown
302,Unknown
303,Unknown
304,Unknown
305,Unknown
306,Unknown
307,Unknown
308,Unknown
309,Unknown
310,Unknown
311,Unknown
312,Unknown
313,Unknown
314,Unknown
315,Unknown
316,Unknown
317,Unknown
318,Unknown
319,Unknown
320,Unknown
321,Unknown
322,Unknown
323,Unknown
324,Unknown
325,Unknown
326,Unknown
327,Unknown
328,Unknown
329,Unknown
330,Unknown
331,Unknown
332,Unknown
333,Unknown
334,Unknown
335,Unknown
336,Unknown
337,Unknown
338,Unknown
339,Unknown
340,Unknown
341,Unknown
342,Unknown
343,Unknown
344,Unknown
345,Unknown
346,Unknown
347,Unknown
348,Unknown
349,Unknown
350,Unknown
351,Unknown
352,Unknown
353,Unknown
354,Unknown
355,Unknown
356,Unknown
357,Unknown
358,Unknown
359,Unknown
360,Unknown
361,Unknown
362,Unknown
363,Unknown
364,Unknown
365,Unknown
366,Unknown
367,Unknown
368,Unknown
369,Unknown
370,Unknown
371,Unknown
372,Unknown
373,Unknown
374,Unknown
375,Unknown
376,Unknown
377,Unknown
378,Unknown
379,Unknown
380,Unknown
381,Unknown
382,Unknown
383,Unknown
384,Backhand
385,Backhand
386,Backhand
387,Backhand
388,Backhand
389,Backhand
390,Backhand
391,Backhand
392,Backhand
393,Backhand
394,Backhand
395,Backhand
396,Backhand
397,Backhand
398,Backhand
399,Backhand
400,Backhand
401,Backhand
402,Backhand
403,Backhand
404,Backhand
405,Backhand
406,Backhand
407,Backhand
408,Backhand
409,Backhand
410,Backhand
411,Backhand
412,Backhand
413,Backhand
414,Backhand
415,Backhand
416,Backhand
417,Backhand
418,Backhand
419,Backhand
420,Backhand
421,Backhand
422,Backhand
423,Backhand
424,Backhand
425,Backhand
426,Backhand
427,Backhand
428,Backhand
429,Backhand
430,Backhand
431,Backhand
432,Backhand
433,Backhand
434,Backhand
435,Backhand
436,Backhand
437,Backhand
438,Backhand
439,Backhand
440,Backhand
441,Backhand
442,Backhand
443,Backhand
444,Backhand
445,Backhand
446,Backhand
447,Backhand
448,Backhand
449,Backhand
450,Backhand
451,Backhand
452,Backhand
453,Backhand
454,Backhand
455,Backhand
456,Backhand
457,Backhand
458,Backhand
459,Backhand
460,Backhand
461,Backhand
462,Backhand
463,Backhand
464,Backhand
465,Backhand
466,Backhand
467,Backhand
468,Backhand
469,Backhand
470,Backhand
471,Backhand
472,Backhand
473,Backhand
474,Backhand
475,Backhand
476,Backhand
477,Backhand
478,Backhand
479,Backhand
480,Backhand
481,Backhand
482,Backhand
483,Backhand
484,Backhand
485,Backhand
486,Backhand
487,Backhand
488,Backhand
489,Backhand
490,Backhand
491,Backhand
492,Backhand
493,Backhand
494,Backhand
495,Backhand
496,Backhand
497,Backhand
498,Backhand
499,Backhand
500,Backhand
501,Backhand
502,Backhand
503,Backhand
504,Backhand
505,Backhand
506,Backhand
507,Backhand
508,Backhand
509,Backhand
510,Backhand
511,Backhand
512,Backhand
513,Backhand
514,Backhand
515,Backhand
516,Backhand
517,Backhand
518,Backhand
519,Backhand
520,Backhand
521,Backhand
522,Backhand
523,Backhand
524,Backhand
525,Backhand
526,Backhand
527,Backhand
528,Backhand
529,Backhand
530,Backhand
531,Backhand
532,Backhand
533,Backhand
534,Backhand
535,Backhand
536,Backhand
537,Backhand
538,Backhand
539,Backhand
540,Backhand
541,Backhand
542,Backhand
543,Backhand
544,Backhand
545,Backhand
546,Backhand
547,Backhand
548,Backhand
549,Backhand
550,Backhand
551,Backhand
552,Backhand
553,Backhand
554,Backhand
555,Backhand
556,Backhand
557,Backhand
558,Backhand
559,Backhand
560,Backhand
561,Backhand
562,Backhand
563,Backhand
564,Backhand
565,Backhand
566,Backhand
567,Backhand
568,Backhand
569,Backhand
570,Backhand
571,Backhand
572,Backhand
573,Backhand
574,Backhand
575,Backhand
576,Backhand
577,Backhand
578,Backhand
579,Backhand
580,Backhand
581,Backhand
582,Backhand
583,Backhand
584,Backhand
585,Backhand
586,Backhand
587,Backhand
588,Backhand
589,Backhand
590,Backhand
591,Backhand
592,Backhand
593,Backhand
594,Backhand
595,Backhand
596,Backhand
597,Backhand
598,Backhand
599,Backhand
600,Backhand
601,Backhand
602,Backhand
603,Backhand
604,Backhand
605,Backhand
606,Backhand
607,Backhand
608,Backhand
609,Backhand
610,Backhand
611,Backhand
612,Backhand
613,Backhand
614,Backhand
615,Backhand
616,Backhand
617,Backhand
618,Backhand
619,Backhand
620,Backhand
621,Backhand
622,Backhand
623,Backhand
624,Backhand
625,Backhand
626,Backhand
627,Backhand
628,Backhand
629,Backhand
630,Backhand
631,Backhand
632,Backhand
633,Backhand
634,Backhand
635,Backhand
636,Backhand
637,Backhand
638,Backhand
639,Backhand
640,Backhand
641,Backhand
642,Backhand
643,Backhand
644,Backhand
645,Backhand
646,Backhand
647,Backhand
648,Backhand
649,Backhand
650,Backhand
651,Backhand
652,Backhand
653,Backhand
654,Backhand
655,Backhand
656,Backhand
657,Backhand
658,Backhand
659,Backhand
660,Backhand
661,Backhand
662,Backhand
663,Backhand
664,Backhand
665,Backhand
666,Backhand
667,Backhand
668,Backhand
669,Backhand
670,Backhand
671,Backhand
672,Backhand
673,Backhand
674,Backhand
675,Backhand
676,Backhand
677,Backhand
678,Backhand
679,Backhand
680,Backhand
681,Backhand
682,Backhand
683,Backhand
684,Backhand
685,Backhand
686,Backhand
687,Backhand
688,Backhand
689,Backhand
690,Backhand
691,Backhand
692,Backhand
693,Backhand
694,Backhand
695,Backhand
696,Backhand
697,Backhand
698,Backhand
699,Backhand
700,Backhand
701,Backhand
702,Backhand
703,Backhand
704,Backhand
705,Backhand
706,Backhand
707,Backhand
708,Backhand
709,Backhand
710,Backhand
711,Backhand
712,Backhand
713,Backhand
714,Backhand
715,Backhand
716,Backhand
717,Backhand
718,Backhand
719,Backhand
720,Backhand
721,Backhand
722,Backhand
723,Backhand
724,Backhand
725,Backhand
726,Backhand
727,Backhand
728,Backhand
729,Backhand
730,Backhand
731,Backhand
732,Backhand
733,Backhand
734,Backhand
735,Backhand
736,Backhand
737,Backhand
738,Backhand
739,Backhand
740,Backhand
741,Backhand
742,Backhand
743,Backhand
744,Backhand
745,Backhand
746,Backhand
747,Backhand
748,Backhand
749,Backhand
750,Backhand
751,Backhand
752,Backhand
753,Backhand
754,Backhand
755,Backhand
756,Backhand
757,Backhand
758,Backhand
759,Backhand
760,Backhand
761,Backhand
762,Backhand
763,Backhand
764,Backhand
765,Backhand
766,Backhand
767,Backhand
768,Backhand
769,Backhand
770,Backhand
771,Backhand
772,Backhand
773,Backhand
774,Backhand
775,Backhand
776,Backhand
777,Backhand
778,Backhand
779,Backhand
780,Backhand
781,Backhand
782,Backhand
783,Backhand
784,Backhand
785,Backhand
786,Backhand
787,Backhand
788,Backhand
789,Backhand
790,Backhand
791,Backhand
792,Backhand
793,Backhand
794,Backhand
795,Backhand
796,Backhand
797,Backhand
798,Backhand
799,Backhand
800,Backhand
801,Backhand
802,Backhand
803,Backhand
804,Backhand
805,Backhand
806,Backhand
807,Backhand
808,Backhand
809,Backhand
810,Backhand
811,Backhand
812,Backhand
813,Backhand
814,Backhand
815,Backhand
816,Backhand
817,Backhand
818,Backhand
819,Backhand
820,Backhand
821,Backhand
822,Backhand
823,Backhand
824,Backhand
825,Backhand
826,Backhand
827,Backhand
828,Backhand
829,Backhand
830,Backhand
831,Backhand
832,Backhand
833,Backhand
834,Backhand
835,Backhand
836,Backhand
837,Backhand
838,Backhand
839,Backhand
840,Backhand
841,Backhand
842,Backhand
843,Backhand
844,Backhand
845,Backhand
846,Backhand
847,Backhand
848,Backhand
849,Backhand
850,Backhand
851,Backhand
852,Backhand
853,Backhand
854,Backhand
855,Backhand
856,Backhand
857,Backhand
858,Backhand
859,Backhand
860,Backhand
861,Backhand
862,Backhand
863,Backhand
864,Backhand
865,Backhand
866,Backhand
867,Backhand
868,Backhand
869,Backhand
870,Backhand
871,Backhand
872,Backhand
873,Backhand
874,Backhand
875,Backhand
876,Backhand
877,Backhand
878,Backhand
879,Backhand
880,Backhand
881,Backhand
882,Backhand
883,Backhand
884,Backhand
885,Backhand
886,Backhand
887,Backhand
888,Backhand
889,Backhand
890,Backhand
891,Backhand
892,Backhand
893,Backhand
894,Backhand
895,Backhand
896,Backhand
897,Backhand
898,Backhand
899,Backhand
900,Backhand
901,Backhand
902,Backhand
903,Backhand
904,Backhand
905,Backhand
906,Backhand
907,Backhand
908,Backhand
909,Backhand
910,Backhand
911,Backhand
912,Backhand
913,Backhand
914,Backhand
915,Backhand
916,Backhand
917,Backhand
918,Backhand
919,Backhand
920,Backhand
921,Backhand
922,Backhand
923,Backhand
924,Backhand
925,Backhand
926,Backhand
927,Backhand
928,Backhand
929,Backhand
930,Backhand
931,Backhand
932,Backhand
933,Backhand
934,Backhand
935,Backhand
936,Backhand
937,Backhand
938,Backhand
939,Backhand
940,Backhand
941,Backhand
942,Backhand
943,Backhand
944,Backhand
945,Backhand
946,Backhand
947,Backhand
948,Backhand
949,Backhand
950,Backhand
951,Backhand
952,Backhand
953,Backhand
954,Backhand
955,Backhand
956,Backhand
957,Backhand
958,Backhand
959,Backhand
960,Backhand
961,Backhand
962,Backhand
963,Backhand
964,Backhand
965,Backhand
966,Backhand
967,Backhand
968,Backhand
969,Backhand
970,Backhand
971,Backhand
972,Backhand
973,Backhand
974,Backhand
975,Backhand
976,Backhand
977,Backhand
978,Backhand
979,Backhand
980,Backhand
981,Backhand
982,Backhand
983,Backhand
984,Backhand
985,Backhand
986,Backhand
987,Backhand
988,Backhand
989,Backhand
990,Backhand
991,Backhand
992,Backhand
993,Backhand
994,Backhand
995,Backhand
996,Backhand
997,Backhand
998,Backhand
999,Backhand
1000,Backhand
1001,Backhand
1002,Backhand
1003,Backhand
1004,Backhand
1005,Backhand
1006,Backhand
1007,Backhand
1008,Backhand
1009,Backhand
1010,Backhand
1011,Backhand
1012,Backhand
1013,Backhand
1014,Backhand
1015,Backhand
1016,Backhand
1017,Backhand
1018,Backhand
1019,Backhand
1020,Backhand
1021,Backhand
1022,Backhand
1023,Backhand
1024,Backhand
1025,Backhand
1026,Backhand
1027,Backhand
1028,Backhand
1029,Backhand
1030,Backhand
1031,Backhand
1032,Backhand
1033,Backhand
1034,Backhand
1035,Backhand
1036,Backhand
1037,Backhand
1038,Backhand
1039,Backhand
1040,Backhand
1041,Backhand
1042,Backhand
1043,Backhand
1044,Backhand
1045,Backhand
1046,Backhand
1047,Backhand
1048,Backhand
1049,Backhand
1050,Backhand
1051,Backhand
1052,Backhand
1053,Backhand
1054,Backhand
1055,Backhand
1056,Backhand
1057,Backhand
1058,Backhand
1059,Backhand
1060,Backhand
1061,Backhand
1062,Backhand
1063,Backhand
1064,Backhand
1065,Backhand
1066,Backhand
1067,Backhand
1068,Backhand
1069,Backhand
1070,Backhand
1071,Backhand
1072,Backhand
1073,Backhand
1074,Backhand
1075,Backhand
1076,Backhand
1077,Backhand
1078,Backhand
1079,Backhand
1080,Backhand
1081,Backhand
1082,Backhand
1083,Backhand
1084,Backhand
1085,Backhand
1086,Backhand
1087,Backhand
1088,Backhand
1089,Backhand
1090,Backhand
1091,Backhand
1092,Backhand
1093,Backhand
1094,Backhand
1095,Backhand
1096,Backhand
1097,Backhand
1098,Backhand
1099,Backhand
1100,Backhand
1101,Backhand
1102,Backhand
1103,Backhand
1104,Backhand
1105,Backhand
1106,Backhand
1107,Backhand
1108,Backhand
1109,Backhand
1110,Backhand
1111,Backhand
1112,Backhand
1113,Backhand
1114,Backhand
1115,Backhand
1116,Backhand
1117,Backhand
1118,Backhand
1119,Backhand
1120,Backhand
1121,Backhand
1122,Backhand
1123,Backhand
1124,Backhand
1125,Backhand
1126,Backhand
1127,Backhand
1128,Backhand
1129,Backhand
1130,Backhand
1131,Backhand
1132,Backhand
1133,Backhand
1134,Backhand
1135,Backhand
1136,Backhand
1137,Backhand
1138,Backhand
1139,Backhand
1140,Backhand
1141,Backhand
1142,Backhand
1143,Backhand
1144,Backhand
1145,Backhand
1146,Backhand
1147,Backhand
1148,Backhand
1149,Backhand
1150,Backhand
1151,Backhand
1152,Backhand
1153,Backhand
1154,Backhand
1155,Backhand
1156,Backhand
1157,Backhand
1158,Backhand
1159,Backhand
1160,Backhand
1161,Backhand
1162,Backhand
1163,Backhand
1164,Backhand
1165,Backhand
1166,Backhand
1167,Backhand
1168,Backhand
1169,Backhand
1170,Backhand
1171,Backhand
1172,Backhand
1173,Backhand
1174,Backhand
1175,Backhand
1176,Backhand
1177,Backhand
1178,Backhand
1179,Backhand
1180,Backhand
1181,Backhand
1182,Backhand
1183,Backhand
1184,Backhand
1185,Backhand
1186,Backhand
1187,Backhand
1188,Backhand
1189,Backhand
1190,Backhand
1191,Backhand
1192,Backhand
1193,Backhand
1194,Backhand
1195,Backhand
1196,Backhand
1197,Backhand
1198,Backhand
1199,Backhand
1200,Backhand
1201,Backhand
1202,Backhand
1203,Backhand
1204,Backhand
1205,Backhand
1206,Backhand
1207,Backhand
1208,Backhand
1209,Backhand
1210,Backhand
1211,Backhand
1212,Backhand
1213,Backhand
1214,Backhand
1215,Backhand
1216,Backhand
1217,Backhand
1218,Backhand
1219,Backhand
1220,Backhand
1221,Backhand
1222,Backhand
1223,Backhand
1224,Backhand
1225,Backhand
1226,Backhand
1227,Backhand
1228,Backhand
1229,Backhand
1230,Backhand
1231,Backhand
1232,Backhand
1233,Backhand
1234,Backhand
1235,Backhand
1236,Backhand
1237,Backhand
1238,Backhand
1239,Backhand
1240,Backhand
1241,Backhand
1242,Backhand
1243,Backhand
1244,Backhand
1245,Backhand
1246,Backhand
1247,Backhand
1248,Backhand
1249,Backhand
1250,Backhand
1251,Backhand
1252,Backhand
1253,Backhand
1254,Backhand
1255,Backhand
1256,Backhand
1257,Backhand
1258,Backhand
1259,Backhand
1260,Backhand
1261,Backhand
1262,Backhand
1263,Backhand
1264,Backhand
1265,Backhand
1266,Backhand
1267,Backhand
1268,Backhand
1269,Backhand
1270,Backhand
1271,Backhand
1272,Backhand
1273,Backhand
1274,Backhand
1275,Backhand
1276,Backhand
1277,Backhand
1278,Backhand
1279,Backhand
1280,Backhand
1281,Backhand
1282,Backhand
1283,Backhand
1284,Backhand
1285,Backhand
1286,Backhand
1287,Backhand
1288,Backhand
1289,Backhand
1290,Backhand
1291,Backhand
1292,Backhand
1293,Backhand
1294,Backhand
1295,Backhand
1296,Backhand
1297,Backhand
1298,Backhand
1299,Backhand
1300,Backhand
1301,Backhand
1302,Backhand
1303,Backhand
1304,Backhand
1305,Backhand
1306,Backhand
1307,Backhand
1308,Backhand
1309,Backhand
1310,Backhand
1311,Backhand
1312,Backhand
1313,Backhand
1314,Backhand
1315,Backhand
1316,Backhand
1317,Backhand
1318,Backhand
1319,Backhand
1320,Backhand
1321,Backhand
1322,Backhand
1323,Backhand
1324,Backhand
1325,Backhand
1326,Backhand
1327,Backhand
1328,Backhand
1329,Backhand
1330,Backhand
1331,Backhand
1332,Backhand
1333,Backhand
1334,Backhand
1335,Backhand
1336,Backhand
1337,Backhand
1338,Backhand
1339,Backhand
1340,Backhand
1341,Backhand
1342,Backhand
1343,Backhand
1344,Backhand
1345,Backhand
1346,Backhand
1347,Backhand
1348,Backhand
1349,Backhand
1350,Backhand
1351,Backhand
1352,Backhand
1353,Backhand
1354,Backhand
1355,Backhand
1356,Backhand
1357,Backhand
1358,Backhand
1359,Backhand
1360,Backhand
1361,Backhand
1362,Backhand
1363,Backhand
1364,Backhand
1365,Backhand
1366,Backhand
1367,Backhand
1368,Backhand
1369,Backhand
1370,Backhand
1371,Backhand
1372,Backhand
1373,Backhand
1374,Backhand
1375,Backhand
1376,Backhand
1377,Backhand
1378,Backhand
1379,Backhand
1380,Backhand
1381,Backhand
1382,Backhand
1383,Backhand
1384,Backhand
1385,Backhand
1386,Backhand
1387,Backhand
1388,Backhand
1389,Backhand
1390,Backhand
1391,Backhand
1392,Backhand
1393,Backhand
1394,Backhand
1395,Backhand
1396,Backhand
1397,Backhand
1398,Backhand
1399,Backhand
1400,Backhand
1401,Backhand
1402,Backhand
1403,Backhand
1404,Backhand
1405,Backhand
1406,Backhand
1407,Backhand
1408,Backhand
1409,Backhand
1410,Backhand
1411,Backhand
1412,Backhand
1413,Backhand
1414,Backhand
1415,Backhand
1416,Backhand
1417,Backhand
1418,Backhand
1419,Backhand
1420,Backhand
1421,Backhand
1422,Backhand
1423,Backhand
1424,Backhand
1425,Backhand
1426,Backhand
1427,Backhand
1428,Backhand
1429,Backhand
1430,Backhand
1431,Backhand
1432,Backhand
1433,Backhand
1434,Backhand
1435,Backhand
1436,Backhand
1437,Backhand
1438,Backhand
1439,Backhand
1440,Backhand
1441,Backhand
1442,Backhand
1443,Backhand
1444,Backhand
1445,Backhand
1446,Backhand
1447,Backhand
1448,Backhand
1449,Backhand
1450,Backhand
1451,Backhand
1452,Backhand
1453,Backhand
1454,Backhand
1455,Backhand
1456,Backhand
1457,Backhand
1458,Backhand
1459,Backhand
1460,Backhand
1461,Backhand
1462,Backhand
1463,Backhand
1464,Backhand
1465,Backhand
1466,Backhand
1467,Backhand
1468,Backhand
1469,Backhand
1470,Backhand
1471,Backhand
1472,Backhand
1473,Backhand
1474,Backhand
1475,Backhand
1476,Backhand
1477,Backhand
1478,Backhand
1479,Backhand
1480,Backhand
1481,Backhand
1482,Backhand
1483,Backhand
1484,Backhand
1485,Backhand
1486,Backhand
1487,Backhand
1488,Backhand
1489,Backhand
1490,Backhand
1491,Backhand
1492,Backhand
1493,Backhand
1494,Backhand
1495,Backhand
1496,Backhand
1497,Backhand
1498,Backhand
1499,Backhand
1500,Backhand
1501,Backhand
1502,Backhand
1503,Backhand
1504,Backhand
1505,Backhand
1506,Backhand
1507,Backhand
1508,Backhand
1509,Backhand
1510,Backhand
1511,Backhand
1512,Backhand
1513,Backhand
1514,Backhand
1515,Backhand
1516,Backhand
1517,Backhand
1518,Backhand
1519,Backhand
1520,Backhand
1521,Backhand
1522,Backhand
1523,Backhand
1524,Backhand
1525,Backhand
1526,Backhand
1527,Backhand
1528,Backhand
1529,Backhand
1530,Backhand
1531,Backhand
1532,Backhand
1533,Backhand
1534,Backhand
1535,Backhand
1536,Backhand
1537,Backhand
1538,Backhand
1539,Backhand
1540,Backhand
1541,Backhand
1542,Backhand
1543,Backhand
1544,Backhand
1545,Backhand
1546,Backhand
1547,Backhand
1548,Backhand
1549,Backhand
1550,Backhand
1551,Backhand
1552,Backhand
1553,Backhand
1554,Backhand
1555,Backhand
1556,Backhand
1557,Backhand
1558,Backhand
1559,Backhand
1560,Backhand
1561,Backhand
1562,Backhand
1563,Backhand
1564,Backhand
1565,Backhand
1566,Backhand
1567,Backhand
1568,Backhand
1569,Backhand
1570,Backhand
1571,Backhand
1572,Backhand
1573,Backhand
1574,Backhand
1575,Backhand
1576,Backhand
1577,Backhand
1578,Backhand
1579,Backhand
1580,Backhand
1581,Backhand
1582,Backhand
1583,Backhand
1584,Backhand
1585,Backhand
1586,Backhand
1587,Backhand
1588,Backhand
1589,Backhand
1590,Backhand
1591,Backhand
1592,Backhand
1593,Backhand
1594,Backhand
1595,Backhand
1596,Backhand
1597,Backhand
1598,Backhand
1599,Backhand
1600,Backhand
1601,Backhand
1602,Backhand
1603,Backhand
1604,Backhand
1605,Backhand
1606,Backhand
1607,Backhand
1608,Backhand
1609,Backhand
1610,Backhand
1611,Backhand
1612,Backhand
1613,Backhand
1614,Backhand
1615,Backhand
1616,Backhand
1617,Backhand
1618,Backhand
1619,Backhand
1620,Backhand
1621,Backhand
1622,Backhand
1623,Backhand
1624,Backhand
1625,Backhand
1626,Backhand
1627,Backhand
1628,Backhand
1629,Backhand
1630,Backhand
1631,Backhand
1632,Backhand
1633,Backhand
1634,Backhand
1635,Backhand
1636,Backhand
1637,Backhand
1638,Backhand
1639,Backhand
1640,Backhand
1641,Backhand
1642,Backhand
1643,Backhand
1644,Backhand
1645,Backhand
1646,Backhand
1647,Backhand
1648,Backhand
1649,Backhand
1650,Backhand
1651,Backhand
1652,Backhand
1653,Backhand
1654,Backhand
1655,Backhand
1656,Backhand
1657,Backhand
1658,Backhand
1659,Backhand
1660,Backhand
1661,Backhand
1662,Backhand
1663,Backhand
1664,Backhand
1665,Backhand
1666,Backhand
1667,Backhand
1668,Backhand
1669,Backhand
1670,Backhand
1671,Backhand
1672,Backhand
1673,Backhand
1674,Backhand
1675,Backhand
1676,Backhand
1677,Backhand
1678,Backhand
1679,Backhand
1680,Backhand
1681,Backhand
1682,Backhand
1683,Backhand
1684,Backhand
1685,Backhand
1686,Backhand
1687,Backhand
1688,Backhand
1689,Backhand
1690,Backhand
1691,Backhand
1692,Backhand
1693,Backhand
1694,Backhand
1695,Backhand
1696,Backhand
1697,Backhand
1698,Backhand
1699,Backhand
1700,Backhand
1701,Backhand
1702,Backhand
1703,Backhand
1704,Backhand
1705,Backhand
1706,Backhand
1707,Backhand
1708,Backhand
1709,Backhand
1710,Backhand
1711,Backhand
1712,Backhand
1713,Backhand
1714,Backhand
1715,Backhand
1716,Backhand
1717,Backhand
1718,Backhand
1719,Backhand
1720,Backhand
1721,Backhand
1722,Backhand
1723,Backhand
1724,Backhand
1725,Backhand
1726,Backhand
1727,Backhand
1728,Backhand
1729,Backhand
1730,Backhand
1731,Backhand
1732,Backhand
1733,Backhand
1734,Backhand
1735,Backhand
1736,Backhand
1737,Backhand
1738,Backhand
1739,Backhand
1740,Backhand
1741,Backhand
1742,Backhand
1743,Backhand
1744,Backhand
1745,Backhand
1746,Backhand
1747,Backhand
1748,Backhand
1749,Backhand
1750,Backhand
1751,Backhand
1752,Backhand
1753,Backhand
1754,Backhand
1755,Backhand
1756,Backhand
1757,Backhand
1758,Backhand
1759,Backhand
1760,Backhand
1761,Backhand
1762,Backhand
1763,Backhand
1764,Backhand
1765,Backhand
1766,Backhand
1767,Backhand
1768,Backhand
1769,Backhand
1770,Backhand
1771,Backhand
1772,Backhand
1773,Backhand
1774,Backhand
1775,Backhand
1776,Backhand
1777,Backhand
1778,Backhand
1779,Backhand
1780,Backhand
1781,Backhand
1782,Backhand
1783,Backhand
1784,Backhand
1785,Backhand
1786,Backhand
1787,Backhand
1788,Backhand
1789,Backhand
1790,Backhand
1791,Backhand
1792,Backhand
1793,Backhand
1794,Backhand
1795,Backhand
1796,Backhand
1797,Backhand
1798,Backhand
1799,Backhand
1800,Backhand
1801,Backhand
1802,Backhand
1803,Backhand
1804,Backhand
1805,Backhand
1806,Backhand
1807,Backhand
1808,Backhand
1809,Backhand
1810,Backhand
1811,Backhand
1812,Backhand
1813,Backhand
1814,Backhand
1815,Backhand
1816,Backhand
1817,Backhand
1818,Backhand
1819,Backhand
1820,Backhand
1821,Backhand
1822,Backhand
1823,Backhand
1824,Backhand
1825,Backhand
1826,Backhand
1827,Backhand
1828,Backhand
1829,Backhand
1830,Backhand
1831,Backhand
1832,Backhand
1833,Backhand
1834,Backhand
1835,Backhand
1836,Backhand
1837,Backhand
1838,Backhand
1839,Backhand
1840,Backhand
1841,Backhand
1842,Backhand
1843,Backhand
1844,Backhand
1845,Backhand
1846,Backhand
1847,Backhand
1848,Backhand
1849,Backhand
1850,Backhand
1851,Backhand
1852,Backhand
1853,Backhand
1854,Backhand
1855,Backhand
1856,Backhand
1857,Backhand
1858,Backhand
1859,Backhand
1860,Backhand
1861,Backhand
1862,Backhand
1863,Backhand
1864,Backhand
1865,Backhand
1866,Backhand
1867,Backhand
1868,Backhand
1869,Backhand
1870,Backhand
1871,Backhand
1872,Backhand
1873,Backhand
1874,Backhand
1875,Backhand
1876,Backhand
1877,Backhand
1878,Backhand
1879,Backhand
1880,Backhand
1881,Backhand
1882,Backhand
1883,Backhand
1884,Backhand
1885,Backhand
1886,Backhand
1887,Backhand
1888,Backhand
1889,Backhand
1890,Backhand
1891,Backhand
1892,Backhand
1893,Backhand
1894,Backhand
1895,Backhand
1896,Backhand
1897,Backhand
1898,Backhand
1899,Backhand
1900,Backhand
1901,Backhand
1902,Backhand
1903,Backhand
1904,Backhand
1905,Backhand
1906,Backhand
1907,Backhand
1908,Backhand
1909,Backhand
1910,Backhand
1911,Backhand
1912,Backhand
1913,Backhand
1914,Backhand
1915,Backhand
1916,Backhand
1917,Backhand
1918,Backhand
1919,Backhand
1920,Backhand
1921,Backhand
1922,Backhand
1923,Backhand
1924,Backhand
1925,Backhand
1926,Backhand
1927,Backhand
1928,Backhand
1929,Backhand
1930,Backhand
1931,Backhand
1932,Backhand
1933,Backhand
1934,Backhand
1935,Backhand
1936,Backhand
1937,Backhand
1938,Backhand
1939,Backhand
1940,Backhand
1941,Backhand
1942,Backhand
1943,Backhand
1944,Backhand
1945,Backhand
1946,Backhand
1947,Backhand
1948,Backhand
1949,Backhand
1950,Backhand
1951,Backhand
1952,Backhand
1953,Backhand
1954,Backhand
1955,Backhand
1956,Backhand
1957,Backhand
1958,Backhand
1959,Backhand
1960,Backhand
1961,Backhand
1962,Backhand
1963,Backhand
1964,Backhand
1965,Backhand
1966,Backhand
1967,Backhand
1968,Backhand
1969,Backhand
1970,Backhand
1971,Backhand
1972,Backhand
1973,Backhand
1974,Backhand
1975,Backhand
1976,Backhand
1977,Backhand
1978,Backhand
1979,Backhand
1980,Backhand
1981,Backhand
1982,Backhand
1983,Backhand
1984,Backhand
1985,Backhand
1986,Backhand
1987,Backhand
1988,Backhand
1989,Backhand
1990,Backhand
1991,Backhand
1992,Backhand
1993,Backhand
1994,Backhand
1995,Backhand
1996,Backhand
1997,Backhand
1998,Backhand
1999,Backhand
2000,Backhand
2001,Backhand
2002,Backhand
2003,Backhand
2004,Backhand
2005,Backhand
2006,Backhand
2007,Backhand
2008,Backhand
2009,Backhand
2010,Backhand
2011,Backhand
2012,Backhand
2013,Backhand
2014,Backhand
2015,Backhand
2016,Backhand
2017,Backhand
2018,Backhand
2019,Backhand
2020,Backhand
2021,Backhand
2022,Backhand
2023,Backhand
2024,Backhand
2025,Backhand
2026,Backhand
2027,Backhand
2028,Backhand
2029,Backhand
2030,Backhand
2031,Backhand
2032,Backhand
2033,Backhand
2034,Backhand
2035,Backhand
2036,Backhand
2037,Backhand
2038,Backhand
2039,Backhand
2040,Backhand
2041,Backhand
2042,Backhand
2043,Backhand
2044,Backhand
2045,Backhand
2046,Backhand
2047,Backhand
2048,Backhand
2049,Backhand
2050,Backhand
2051,Backhand
2052,Backhand
2053,Backhand
2054,Backhand
2055,Backhand
2056,Backhand
2057,Backhand
2058,Backhand
2059,Backhand
2060,Backhand
2061,Backhand
2062,Backhand
2063,Backhand
2064,Backhand
2065,Backhand
2066,Backhand
2067,Backhand
2068,Backhand
2069,Backhand
2070,Backhand
2071,Backhand
2072,Backhand
2073,Backhand
2074,Backhand
2075,Backhand
2076,Backhand
2077,Backhand
2078,Backhand
2079,Backhand
2080,Backhand
2081,Backhand
2082,Backhand
2083,Backhand
2084,Backhand
2085,Backhand
2086,Backhand
2087,Backhand
2088,Backhand
2089,Backhand
2090,Backhand
2091,Backhand
2092,Backhand
2093,Backhand
2094,Backhand
2095,Backhand
2096,Backhand
2097,Backhand
2098,Backhand
2099,Backhand
2100,Backhand
2101,Backhand
2102,Backhand
2103,Backhand
2104,Backhand
2105,Backhand
2106,Backhand
2107,Backhand
2108,Backhand
2109,Backhand
2110,Backhand
2111,Backhand
2112,Backhand
2113,Backhand
2114,Backhand
2115,Backhand
2116,Backhand
2117,Backhand
2118,Backhand
2119,Backhand
2120,Backhand
2121,Backhand
2122,Backhand
2123,Backhand
2124,Backhand
2125,Backhand
2126,Backhand
2127,Backhand
2128,Backhand
2129,Backhand
2130,Backhand
2131,Backhand
2132,Backhand
2133,Backhand
2134,Backhand
2135,Backhand
2136,Backhand
2137,Backhand
2138,Backhand
2139,Backhand
2140,Backhand
2141,Backhand
2142,Backhand
2143,Backhand
2144,Backhand
2145,Backhand
2146,Backhand
2147,Backhand
2148,Backhand
2149,Backhand
2150,Backhand
2151,Backhand
2152,Backhand
2153,Backhand
2154,Backhand
2155,Backhand
2156,Backhand
2157,Backhand
2158,Backhand
2159,Backhand
2160,Backhand
2161,Backhand
2162,Backhand
2163,Backhand
2164,Backhand
2165,Backhand
2166,Backhand
2167,Backhand
2168,Backhand
2169,Backhand
2170,Backhand
2171,Backhand
2172,Backhand
2173,Backhand
2174,Backhand
2175,Backhand
2176,Backhand
2177,Backhand
2178,Backhand
2179,Backhand
2180,Backhand
2181,Backhand
2182,Backhand
2183,Backhand
2184,Backhand
2185,Backhand
2186,Backhand
2187,Backhand
2188,Backhand
2189,Backhand
2190,Backhand
2191,Backhand
2192,Backhand
2193,Backhand
2194,Backhand
2195,Backhand
2196,Backhand
2197,Backhand
2198,Backhand
2199,Backhand
2200,Backhand
2201,Backhand
2202,Backhand
2203,Backhand
2204,Backhand
2205,Backhand
2206,Backhand
2207,Backhand
2208,Backhand
2209,Backhand
2210,Backhand
2211,Backhand
2212,Backhand
2213,Backhand
2214,Backhand
2215,Backhand
2216,Backhand
2217,Backhand
2218,Backhand
2219,Backhand
2220,Backhand
2221,Backhand
2222,Backhand
2223,Backhand
2224,Backhand
2225,Backhand
2226,Backhand
2227,Backhand
2228,Backhand
2229,Backhand
2230,Backhand
2231,Backhand
2232,Backhand
2233,Backhand
2234,Backhand
2235,Backhand
2236,Backhand
2237,Backhand
2238,Backhand
2239,Backhand
2240,Backhand
2241,Backhand
2242,Backhand
2243,Backhand
2244,Backhand
2245,Backhand
2246,Backhand
2247,Backhand
2248,Backhand
2249,Backhand
2250,Backhand
2251,Backhand
2252,Backhand
2253,Backhand
2254,Backhand
2255,Backhand
2256,Backhand
2257,Backhand
2258,Backhand
2259,Backhand
2260,Backhand
2261,Backhand
2262,Backhand
2263,Backhand
2264,Backhand
2265,Backhand
2266,Backhand
2267,Backhand
2268,Backhand
2269,Backhand
2270,Backhand
2271,Backhand
2272,Backhand
2273,Backhand
2274,Backhand
2275,Backhand
2276,Backhand
2277,Backhand
2278,Backhand
2279,Backhand
2280,Backhand
2281,Backhand
2282,Backhand
2283,Backhand
2284,Backhand
2285,Backhand
2286,Backhand
2287,Backhand
2288,Backhand
2289,Backhand
2290,Backhand
2291,Backhand
2292,Backhand
2293,Backhand
2294,Backhand
2295,Backhand
2296,Backhand
2297,Backhand
2298,Backhand
2299,Backhand
2300,Backhand
2301,Backhand
2302,Backhand
2303,Backhand
2304,Backhand
2305,Backhand
2306,Backhand
2307,Backhand
2308,Backhand
2309,Backhand
2310,Backhand
2311,Backhand
2312,Backhand
2313,Backhand
2314,Backhand
2315,Backhand
2316,Backhand
2317,Backhand
2318,Backhand
2319,Backhand
2320,Backhand
2321,Backhand
2322,Backhand
2323,Backhand
2324,Backhand
2325,Backhand
2326,Backhand
2327,Backhand
2328,Backhand
2329,Backhand
2330,Backhand
2331,Backhand
2332,Backhand
2333,Backhand
2334,Backhand
2335,Backhand
2336,Backhand
2337,Backhand
2338,Backhand
2339,Backhand
2340,Backhand
2341,Backhand
2342,Backhand
2343,Backhand
2344,Backhand
2345,Backhand
2346,Backhand
2347,Backhand
2348,Backhand
2349,Backhand
2350,Backhand
2351,Backhand
2352,Backhand
2353,Backhand
2354,Backhand
2355,Backhand
2356,Backhand
2357,Backhand
2358,Backhand
2359,Backhand
2360,Backhand
2361,Backhand
2362,Backhand
2363,Backhand
2364,Backhand
2365,Backhand
2366,Backhand
2367,Backhand
2368,Backhand
2369,Backhand
2370,Backhand
2371,Backhand
2372,Backhand
2373,Backhand
2374,Backhand
2375,Backhand
2376,Backhand
2377,Backhand
2378,Backhand
2379,Backhand
2380,Backhand
2381,Backhand
2382,Backhand
2383,Backhand
2384,Backhand
2385,Backhand
2386,Backhand
2387,Backhand
2388,Backhand
2389,Backhand
2390,Backhand
2391,Backhand
2392,Backhand
2393,Backhand
2394,Backhand
2395,Backhand
2396,Backhand
2397,Backhand
2398,Backhand
2399,Backhand
2400,Backhand
2401,Backhand
2402,Backhand
2403,Backhand
2404,Backhand
2405,Backhand
2406,Backhand
2407,Backhand
2408,Backhand
2409,Backhand
2410,Backhand
2411,Backhand
2412,Backhand
2413,Backhand
2414,Backhand
2415,Backhand
2416,Backhand
2417,Backhand
2418,Backhand
2419,Backhand
2420,Backhand
2421,Backhand
2422,Backhand
2423,Backhand
2424,Backhand
2425,Backhand
2426,Backhand
2427,Backhand
2428,Backhand
2429,Backhand
2430,Backhand
2431,Backhand
2432,Backhand
2433,Backhand
2434,Backhand
2435,Backhand
2436,Backhand
2437,Backhand
2438,Backhand
2439,Backhand
2440,Backhand
2441,Backhand
2442,Backhand
2443,Backhand
2444,Backhand
2445,Backhand
2446,Backhand
2447,Backhand
2448,Backhand
2449,Backhand
2450,Backhand
2451,Backhand
2452,Backhand
2453,Backhand
2454,Backhand
2455,Backhand
2456,Backhand
2457,Backhand
2458,Backhand
2459,Backhand
2460,Backhand
2461,Backhand
2462,Backhand
2463,Backhand
2464,Backhand
2465,Backhand
2466,Backhand
2467,Backhand
2468,Backhand
2469,Backhand
2470,Backhand
2471,Backhand
2472,Backhand
2473,Backhand
2474,Backhand
2475,Backhand
2476,Backhand
2477,Backhand
2478,Backhand
2479,Backhand
2480,Backhand
2481,Backhand
2482,Backhand
2483,Backhand
2484,Backhand
2485,Backhand
2486,Backhand
2487,Backhand
2488,Backhand
2489,Backhand
2490,Backhand
2491,Backhand
2492,Backhand
2493,Backhand
2494,Backhand
2495,Backhand
2496,Backhand
2497,Backhand
2498,Backhand
2499,Backhand
2500,Backhand
2501,Backhand
2502,Backhand
2503,Backhand
2504,Backhand
2505,Backhand
2506,Backhand
2507,Backhand
2508,Backhand
2509,Backhand
2510,Backhand
2511,Backhand
2512,Backhand
2513,Backhand
2514,Backhand
2515,Backhand
2516,Backhand
2517,Backhand
2518,Backhand
2519,Backhand
2520,Backhand
2521,Backhand
2522,Backhand
2523,Backhand
2524,Backhand
2525,Backhand
2526,Backhand
2527,Backhand
2528,Backhand
2529,Backhand
2530,Backhand
2531,Backhand
2532,Backhand
2533,Backhand
2534,Backhand
2535,Backhand
2536,Backhand
2537,Backhand
2538,Backhand
2539,Backhand
2540,Backhand
2541,Backhand
2542,Backhand
2543,Backhand
2544,Backhand
2545,Backhand
2546,Backhand
2547,Backhand
2548,Backhand
2549,Backhand
2550,Backhand
2551,Backhand
2552,Backhand
2553,Backhand
2554,Backhand
2555,Backhand
2556,Backhand
2557,Backhand
2558,Backhand
2559,Backhand
2560,Backhand
2561,Backhand
2562,Backhand
2563,Backhand
2564,Backhand
2565,Backhand
2566,Backhand
2567,Backhand
2568,Backhand
2569,Backhand
2570,Backhand
2571,Backhand
2572,Backhand
2573,Backhand
2574,Backhand
2575,Backhand
2576,Backhand
2577,Backhand
2578,Backhand
2579,Backhand
2580,Backhand
2581,Backhand
2582,Backhand
2583,Backhand
2584,Backhand
2585,Backhand
2586,Backhand
2587,Backhand
2588,Backhand
2589,Backhand
2590,Backhand
2591,Backhand
2592,Backhand
2593,Backhand
2594,Backhand
2595,Backhand
2596,Backhand
2597,Backhand
2598,Backhand
2599,Backhand
2600,Backhand
2601,Backhand
2602,Backhand
2603,Backhand
2604,Backhand
2605,Backhand
2606,Backhand
2607,Backhand
2608,Backhand
2609,Backhand
2610,Backhand
2611,Backhand
2612,Backhand
2613,Backhand
2614,Backhand
2615,Backhand
2616,Backhand
2617,Backhand
2618,Backhand
2619,Backhand
2620,Backhand
2621,Backhand
2622,Backhand
2623,Backhand
2624,Backhand
2625,Backhand
2626,Backhand
2627,Backhand
2628,Backhand
2629,Backhand
2630,Backhand
2631,Backhand
2632,Backhand
2633,Backhand
2634,Backhand
2635,Backhand
2636,Backhand
2637,Backhand
2638,Backhand
2639,Backhand
2640,Backhand
2641,Backhand
2642,Backhand
2643,Backhand
2644,Backhand
2645,Backhand
2646,Backhand
2647,Backhand
2648,Backhand
2649,Backhand
2650,Backhand
2651,Backhand
2652,Backhand
2653,Backhand
2654,Backhand
2655,Backhand
2656,Backhand
2657,Backhand
2658,Backhand
2659,Backhand
2660,Backhand
2661,Backhand
2662,Backhand
2663,Backhand
2664,Backhand
2665,Backhand
2666,Backhand
2667,Backhand
2668,Backhand
2669,Backhand
2670,Backhand
2671,Backhand
2672,Backhand
2673,Backhand
2674,Backhand
2675,Backhand
2676,Backhand
2677,Backhand
2678,Backhand
2679,Backhand
2680,Backhand
2681,Backhand
2682,Backhand
2683,Backhand
2684,Backhand
2685,Backhand
2686,Backhand
2687,Backhand
2688,Backhand
2689,Backhand
2690,Backhand
2691,Backhand
2692,Backhand
2693,Backhand
2694,Backhand
2695,Backhand
2696,Backhand
2697,Backhand
2698,Backhand
2699,Backhand
2700,Backhand
2701,Backhand
2702,Backhand
2703,Backhand
2704,Backhand
2705,Backhand
2706,Backhand
2707,Backhand
2708,Backhand
2709,Backhand
2710,Backhand
2711,Backhand
2712,Backhand
2713,Backhand
2714,Backhand
2715,Backhand
2716,Backhand
2717,Backhand
2718,Backhand
2719,Backhand
2720,Backhand
2721,Backhand
2722,Backhand
2723,Backhand
2724,Backhand
2725,Backhand
2726,Backhand
2727,Backhand
2728,Backhand
2729,Backhand
2730,Backhand
2731,Backhand
2732,Backhand
2733,Backhand
2734,Backhand
2735,Backhand
2736,Backhand
2737,Backhand
2738,Backhand
2739,Backhand
2740,Backhand
2741,Backhand
2742,Backhand
2743,Backhand
2744,Backhand
2745,Backhand
2746,Backhand
2747,Backhand
2748,Backhand
2749,Backhand
2750,Backhand
2751,Backhand
2752,Backhand
2753,Backhand
2754,Backhand
2755,Backhand
2756,Backhand
2757,Backhand
2758,Backhand
2759,Backhand
2760,Backhand
2761,Backhand
2762,Backhand
2763,Backhand
2764,Backhand
2765,Backhand
2766,Backhand
2767,Backhand
2768,Backhand
2769,Backhand
2770,Backhand
2771,Backhand
2772,Backhand
2773,Backhand
2774,Backhand
2775,Backhand
2776,Backhand
2777,Backhand
2778,Backhand
2779,Backhand
2780,Backhand
2781,Backhand
2782,Backhand
2783,Backhand
2784,Backhand
2785,Backhand
2786,Backhand
2787,Backhand
2788,Backhand
2789,Backhand
2790,Backhand
2791,Backhand
2792,Backhand
2793,Backhand
2794,Backhand
2795,Backhand
2796,Backhand
2797,Backhand
2798,Backhand
2799,Backhand
2800,Backhand
2801,Backhand
2802,Backhand
2803,Backhand
2804,Backhand
2805,Backhand
2806,Backhand
2807,Backhand
2808,Backhand
2809,Backhand
2810,Backhand
2811,Backhand
2812,Backhand
2813,Backhand
2814,Backhand
2815,Backhand
2816,Backhand
2817,Backhand
2818,Backhand
2819,Backhand
2820,Backhand
2821,Backhand
2822,Backhand
2823,Backhand
2824,Backhand
2825,Backhand
2826,Backhand
2827,Backhand
2828,Backhand
2829,Backhand
2830,Backhand
2831,Backhand
2832,Backhand
2833,Backhand
2834,Backhand
2835,Backhand
2836,Backhand
2837,Backhand
2838,Backhand
2839,Backhand
2840,Backhand
2841,Backhand
2842,Backhand
2843,Backhand
2844,Backhand
2845,Backhand
2846,Backhand
2847,Backhand
2848,Backhand
2849,Backhand
2850,Backhand
2851,Backhand
2852,Backhand
2853,Backhand
2854,Backhand
2855,Backhand
2856,Backhand
2857,Backhand
2858,Backhand
2859,Backhand
2860,Backhand
2861,Backhand
2862,Backhand
2863,Backhand
2864,Backhand
2865,Backhand
2866,Backhand
2867,Backhand
2868,Backhand
2869,Backhand
2870,Backhand
2871,Backhand
2872,Backhand
2873,Backhand
2874,Backhand
2875,Backhand
2876,Backhand
2877,Backhand
2878,Backhand
2879,Backhand
2880,Backhand
2881,Backhand
2882,Backhand
2883,Backhand
2884,Backhand
2885,Backhand
2886,Backhand
2887,Backhand
2888,Backhand
2889,Backhand
2890,Backhand
2891,Backhand
2892,Backhand
2893,Backhand
2894,Backhand
2895,Backhand
2896,Backhand
2897,Backhand
2898,Backhand
2899,Backhand
2900,Backhand
2901,Backhand
2902,Backhand
2903,Backhand
2904,Backhand
2905,Backhand
2906,Backhand
2907,Backhand
2908,Backhand
2909,Backhand
2910,Backhand
2911,Backhand
2912,Backhand
2913,Backhand
2914,Backhand
2915,Backhand
2916,Backhand
2917,Backhand
2918,Backhand
2919,Backhand
2920,Backhand
2921,Backhand
2922,Backhand
2923,Backhand
2924,Backhand
2925,Backhand
2926,Backhand
2927,Backhand
2928,Backhand
2929,Backhand
2930,Backhand
2931,Backhand
2932,Backhand
2933,Backhand
2934,Backhand
2935,Backhand
2936,Backhand
2937,Backhand
2938,Backhand
2939,Backhand
2940,Backhand
2941,Backhand
2942,Backhand
2943,Backhand
2944,Backhand
2945,Backhand
2946,Backhand
2947,Backhand
2948,Backhand
2949,Backhand
2950,Backhand
2951,Backhand
2952,Backhand
2953,Backhand
2954,Backhand
2955,Backhand
2956,Backhand
2957,Backhand
2958,Backhand
2959,Backhand
2960,Backhand
2961,Backhand
2962,Backhand
2963,Backhand
2964,Backhand
2965,Backhand
2966,Backhand
2967,Backhand
2968,Backhand
2969,Backhand
2970,Backhand
2971,Backhand
2972,Backhand
2973,Backhand
2974,Backhand
2975,Backhand
2976,Backhand
2977,Backhand
2978,Backhand
2979,Backhand
2980,Backhand
2981,Backhand
2982,Backhand
2983,Backhand
2984,Backhand
2985,Backhand
2986,Backhand
2987,Backhand
2988,Backhand
2989,Backhand
2990,Backhand
2991,Backhand
2992,Backhand
2993,Backhand
2994,Backhand
2995,Backhand
2996,Backhand
2997,Backhand
2998,Backhand
2999,Backhand
3000,Backhand
3001,Backhand
3002,Backhand
3003,Backhand
3004,Backhand
3005,Backhand
3006,Backhand
3007,Backhand
3008,Backhand
3009,Backhand
3010,Backhand
3011,Backhand
3012,Backhand
3013,Backhand
3014,Backhand
3015,Backhand
3016,Backhand
3017,Backhand
3018,Backhand
3019,Backhand
3020,Backhand
3021,Backhand
3022,Backhand
3023,Backhand
3024,Backhand
3025,Backhand
3026,Backhand
3027,Backhand
3028,Backhand
3029,Backhand
3030,Backhand
3031,Backhand
3032,Backhand
3033,Backhand
3034,Backhand
3035,Backhand
3036,Backhand
3037,Backhand
3038,Backhand
3039,Backhand
3040,Backhand
3041,Smash
3042,Backhand
3043,Backhand
3044,Backhand
3045,Backhand
3046,Backhand
3047,Backhand
3048,Backhand
3049,Backhand
3050,Backhand
3051,Backhand
3052,Backhand
3053,Backhand
3054,Backhand
3055,Backhand
3056,Backhand
3057,Backhand
3058,Backhand
3059,Backhand
3060,Backhand
3061,Backhand
3062,Backhand
3063,Backhand
3064,Backhand
3065,Backhand
3066,Backhand
3067,Backhand
3068,Backhand
3069,Backhand
3070,Backhand
3071,Backhand
3072,Backhand
3073,Backhand
3074,Backhand
3075,Backhand
3076,Backhand
3077,Backhand
3078,Backhand
3079,Backhand
3080,Backhand
3081,Backhand
3082,Backhand
3083,Backhand
3084,Backhand
3085,Backhand
3086,Backhand
3087,Backhand
3088,Backhand
3089,Backhand
3090,Backhand
3091,Backhand
3092,Backhand
3093,Backhand
3094,Backhand
3095,Backhand
3096,Backhand
3097,Backhand
3098,Smash
3099,Smash
3100,Smash
3101,Smash
3102,Smash
3103,Smash
3104,Smash
3105,Smash
3106,Smash
3107,Smash
3108,Smash
3109,Smash
3110,Smash
3111,Smash
3112,Smash
3113,Smash
3114,Smash
3115,Smash
3116,Smash
3117,Smash
3118,Smash
3119,Smash
3120,Smash
3121,Smash
3122,Smash
3123,Smash
3124,Smash
3125,Smash
3126,Smash
3127,Smash
3128,Smash
3129,Smash
3130,Smash
3131,Smash
3132,Smash
3133,Smash
3134,Smash
3135,Smash
3136,Smash
3137,Smash
3138,Smash
3139,Smash
3140,Smash
3141,Smash
3142,Smash
3143,Smash
3144,Smash
3145,Smash
3146,Smash
3147,Smash
3148,Smash
3149,Smash
3150,Smash
3151,Smash
3152,Smash
3153,Smash
3154,Smash
3155,Smash
3156,Smash
3157,Smash
3158,Smash
3159,Smash
3160,Smash
3161,Smash
3162,Smash
3163,Smash
3164,Smash
3165,Smash
3166,Smash
3167,Smash
3168,Smash
3169,Smash
3170,Smash
3171,Smash
3172,Smash
3173,Smash
3174,Smash
3175,Smash
3176,Smash
3177,Smash
3178,Smash
3179,Smash
3180,Smash
3181,Smash
3182,Smash
3183,Smash
3184,Smash
3185,Smash
3186,Smash
3187,Smash
3188,Smash
3189,Smash
3190,Smash
3191,Smash
3192,Smash
3193,Smash
3194,Smash
3195,Smash
3196,Smash
3197,Smash
3198,Smash
3199,Smash
3200,Smash
3201,Smash
3202,Smash
3203,Smash
3204,Smash
3205,Smash
3206,Smash
3207,Smash
3208,Smash
3209,Smash
3210,Smash
3211,Smash
3212,Smash
3213,Smash
3214,Smash
3215,Smash
3216,Smash
3217,Smash
3218,Smash
3219,Smash
3220,Smash
3221,Smash
3222,Smash
3223,Smash
3224,Smash
3225,Smash
3226,Smash
3227,Smash
3228,Smash
3229,Smash
3230,Smash
3231,Smash
3232,Smash
3233,Smash
3234,Smash
3235,Smash
3236,Smash
3237,Smash
3238,Smash
3239,Smash
3240,Smash
3241,Smash
3242,Smash
3243,Smash
3244,Smash
3245,Smash
3246,Smash
3247,Smash
3248,Smash
3249,Smash
3250,Smash
3251,Smash
3252,Smash
3253,Smash
3254,Smash
3255,Smash
3256,Smash
3257,Smash
3258,Smash
3259,Smash
3260,Smash
3261,Smash
3262,Smash
3263,Smash
3264,Smash
3265,Smash
3266,Smash
3267,Smash
3268,Smash
3269,Smash
3270,Smash
3271,Smash
3272,Smash
3273,Smash
3274,Smash
3275,Smash
3276,Smash
3277,Smash
3278,Smash
3279,Smash
3280,Smash
3281,Smash
3282,Smash
3283,Smash
3284,Smash
3285,Smash
3286,Smash
3287,Smash
3288,Smash
3289,Smash
3290,Smash
3291,Smash
3292,Smash
3293,Smash
3294,Smash
3295,Smash
3296,Smash
3297,Smash
3298,Smash
3299,Smash
3300,Smash
3301,Smash
3302,Smash
3303,Smash
3304,Smash
3305,Smash
3306,Smash
3307,Smash
3308,Smash
3309,Smash
3310,Smash
3311,Smash
3312,Smash
3313,Smash
3314,Smash
3315,Smash
3316,Smash
3317,Smash
3318,Smash
3319,Smash
3320,Smash
3321,Smash
3322,Smash
3323,Smash
3324,Smash
3325,Smash
3326,Smash
3327,Smash
3328,Smash
3329,Smash
3330,Smash
3331,Smash
3332,Smash
3333,Smash
3334,Smash
3335,Smash
3336,Smash
3337,Smash
3338,Smash
3339,Smash
3340,Smash
3341,Smash
3342,Smash
3343,Smash
3344,Smash
3345,Smash
3346,Smash
3347,Smash
3348,Smash
3349,Smash
3350,Smash
3351,Smash
3352,Smash
3353,Smash
3354,Smash
3355,Smash
3356,Smash
3357,Smash
3358,Smash
3359,Smash
3360,Smash
3361,Smash
3362,Smash
3363,Smash
3364,Smash
3365,Smash
3366,Smash
3367,Smash
3368,Smash
3369,Smash
3370,Smash
3371,Smash
3372,Smash
3373,Smash
3374,Smash
3375,Smash
3376,Smash
3377,Smash
3378,Smash
3379,Smash
3380,Smash
3381,Smash
3382,Smash
3383,Smash
3384,Smash
3385,Smash
3386,Smash
3387,Smash
3388,Smash
3389,Smash
3390,Smash
3391,Smash
3392,Smash
3393,Smash
3394,Smash
3395,Smash
3396,Smash
3397,Smash
3398,Smash
3399,Smash
3400,Smash
3401,Smash
3402,Smash
3403,Smash
3404,Smash
3405,Smash
3406,Smash
3407,Smash
3408,Smash
3409,Smash
3410,Smash
3411,Smash
3412,Smash
3413,Smash
3414,Smash
3415,Smash
3416,Smash
3417,Smash
3418,Smash
3419,Smash
3420,Smash
3421,Smash
3422,Smash
3423,Smash
3424,Smash
3425,Smash
3426,Smash
3427,Smash
3428,Smash
3429,Smash
3430,Smash
3431,Smash
3432,Smash
3433,Smash
3434,Smash
3435,Smash
3436,Smash
3437,Smash
3438,Smash
3439,Smash
3440,Smash
3441,Smash
3442,Smash
3443,Smash
3444,Smash
3445,Smash
3446,Smash
3447,Smash
3448,Smash
3449,Smash
3450,Smash
3451,Smash
3452,Smash
3453,Smash
3454,Smash
3455,Smash
3456,Smash
3457,Smash
3458,Smash
3459,Smash
3460,Smash
3461,Smash
3462,Smash
3463,Smash
3464,Smash
3465,Smash
3466,Smash
3467,Smash
3468,Smash
3469,Smash
3470,Smash
3471,Smash
3472,Smash
3473,Smash
3474,Smash
3475,Smash
3476,Smash
3477,Smash
3478,Smash
3479,Smash
3480,Smash
3481,Smash
3482,Smash
3483,Smash
3484,Smash
3485,Smash
3486,Smash
3487,Smash
3488,Smash
3489,Smash
3490,Smash
3491,Smash
3492,Smash
3493,Smash
3494,Smash
3495,Smash
3496,Smash
3497,Smash
3498,Smash
3499,Smash
3500,Smash
3501,Smash
3502,Smash
3503,Smash
3504,Smash
3505,Smash
3506,Smash
3507,Smash
3508,Smash
3509,Smash
3510,Smash
3511,Smash
3512,Smash
3513,Smash
3514,Smash
3515,Smash
3516,Smash
3517,Smash
3518,Smash
3519,Smash
3520,Smash
3521,Smash
3522,Smash
3523,Smash
3524,Smash
3525,Smash
3526,Smash
3527,Smash
3528,Smash
3529,Smash
3530,Smash
3531,Smash
3532,Smash
3533,Smash
3534,Smash
3535,Smash
3536,Smash
3537,Smash
3538,Smash
3539,Smash
3540,Smash
3541,Smash
3542,Smash
3543,Smash
3544,Smash
3545,Smash
3546,Smash
3547,Smash
3548,Smash
3549,Smash
3550,Smash
3551,Smash
3552,Smash
3553,Smash
3554,Smash
3555,Smash
3556,Smash
3557,Smash
3558,Smash
3559,Smash
3560,Smash
3561,Smash
3562,Smash
3563,Smash
3564,Smash
3565,Smash
3566,Smash
3567,Smash
3568,Smash
3569,Smash
3570,Smash
3571,Smash
3572,Smash
3573,Smash
3574,Smash
3575,Smash
3576,Smash
3577,Smash
3578,Smash
3579,Smash
3580,Smash
3581,Smash
3582,Smash
3583,Smash
3584,Smash
3585,Smash
3586,Smash
3587,Smash
3588,Smash
3589,Smash
3590,Smash
3591,Smash
3592,Smash
3593,Smash
3594,Smash
3595,Smash
3596,Smash
3597,Smash
3598,Smash
3599,Smash
3600,Smash
3601,Smash
3602,Smash
3603,Smash
3604,Smash
3605,Smash
3606,Smash
3607,Smash
3608,Smash
3609,Smash
3610,Smash
3611,Smash
3612,Smash
3613,Smash
3614,Smash
3615,Smash
3616,Smash
3617,Smash
3618,Smash
3619,Smash
3620,Smash
3621,Smash
3622,Smash
3623,Smash
3624,Smash
3625,Smash
3626,Smash
3627,Smash
3628,Smash
3629,Smash
3630,Smash
3631,Smash
3632,Smash
3633,Smash
3634,Smash
3635,Smash
3636,Smash
3637,Smash
3638,Smash
3639,Smash
3640,Smash
3641,Smash
3642,Smash
3643,Smash
3644,Smash
3645,Smash
3646,Smash
3647,Smash
3648,Smash
3649,Smash
3650,Smash
3651,Smash
3652,Smash
3653,Smash
3654,Smash
3655,Smash
3656,Smash
3657,Smash
3658,Smash
3659,Smash
3660,Smash
3661,Smash
3662,Smash
3663,Smash
3664,Smash
3665,Smash
3666,Smash
3667,Smash
3668,Smash
3669,Smash
3670,Smash
3671,Smash
3672,Smash
3673,Smash
3674,Smash
3675,Smash
3676,Smash
3677,Smash
3678,Smash
3679,Smash
3680,Smash
3681,Smash
3682,Smash
3683,Smash
3684,Smash
3685,Smash
3686,Smash
3687,Smash
3688,Smash
3689,Smash
3690,Smash
3691,Smash
3692,Smash
3693,Smash
3694,Smash
3695,Smash
3696,Smash
3697,Smash
3698,Smash
3699,Smash
3700,Smash
3701,Smash
3702,Smash
3703,Smash
3704,Smash
3705,Smash
3706,Smash
3707,Smash
3708,Smash
3709,Smash
3710,Smash
3711,Smash
3712,Smash
3713,Smash
3714,Smash
3715,Smash
3716,Smash
3717,Smash
3718,Smash
3719,Smash
3720,Smash
3721,Smash
3722,Smash
3723,Smash
3724,Smash
3725,Smash
3726,Smash
3727,Smash
3728,Smash
3729,Smash
3730,Smash
3731,Smash
3732,Smash
3733,Smash
3734,Smash
3735,Smash
3736,Smash
3737,Smash
3738,Smash
3739,Smash
3740,Smash
3741,Smash
3742,Smash
3743,Smash
3744,Smash
3745,Smash
3746,Smash
3747,Smash
3748,Smash
3749,Smash
3750,Smash
3751,Smash
3752,Smash
3753,Smash
3754,Smash
3755,Smash
3756,Smash
3757,Smash
3758,Smash
3759,Smash
3760,Smash
3761,Smash
3762,Smash
3763,Smash
3764,Smash
3765,Smash
3766,Smash
3767,Smash
3768,Smash
3769,Smash
3770,Smash
3771,Smash
3772,Smash
3773,Smash
3774,Smash
3775,Smash
3776,Smash
3777,Smash
3778,Smash
3779,Smash
3780,Smash
3781,Smash
3782,Smash
3783,Smash
3784,Smash
3785,Smash
3786,Smash
3787,Smash
3788,Smash
3789,Smash
3790,Smash
3791,Smash
3792,Smash
3793,Smash
3794,Smash
3795,Smash
3796,Smash
3797,Smash
3798,Smash
3799,Smash
3800,Smash
3801,Smash
3802,Smash
3803,Smash
3804,Smash
3805,Smash
3806,Smash
3807,Smash
3808,Smash
3809,Smash
3810,Smash
3811,Smash
3812,Smash
3813,Smash
3814,Smash
3815,Smash
3816,Smash
3817,Smash
3818,Smash
3819,Smash
3820,Smash
3821,Smash
3822,Smash
3823,Smash
3824,Smash
3825,Smash
3826,Smash
3827,Smash
3828,Smash
3829,Smash
3830,Smash
3831,Smash
3832,Smash
3833,Smash
3834,Smash
3835,Smash
3836,Smash
3837,Smash
3838,Smash
3839,Smash
3840,Smash
3841,Smash
3842,Smash
3843,Smash
3844,Smash
3845,Smash
3846,Smash
3847,Smash
3848,Smash
3849,Smash
3850,Smash
3851,Smash
3852,Smash
3853,Smash
3854,Smash
3855,Smash
3856,Smash
3857,Smash
3858,Smash
3859,Smash
3860,Smash
3861,Smash
3862,Smash
3863,Smash
3864,Smash
3865,Smash
3866,Smash
3867,Smash
3868,Smash
3869,Smash
3870,Smash
3871,Smash
3872,Smash
3873,Smash
3874,Smash
3875,Smash
3876,Smash
3877,Smash
3878,Smash
3879,Smash
3880,Smash
3881,Smash
3882,Smash
3883,Smash
3884,Smash
3885,Smash
3886,Smash
3887,Smash
3888,Smash
3889,Smash
3890,Smash
3891,Smash
3892,Smash
3893,Smash
3894,Smash
3895,Smash
3896,Smash
3897,Smash
3898,Smash
3899,Smash
3900,Smash
3901,Smash
3902,Smash
3903,Smash
3904,Smash
3905,Smash
3906,Smash
3907,Smash
3908,Smash
3909,Smash
3910,Smash
3911,Smash
3912,Smash
3913,Smash
3914,Smash
3915,Smash
3916,Smash
3917,Smash
3918,Smash
3919,Smash
3920,Smash
3921,Smash
3922,Smash
3923,Smash
3924,Smash
3925,Smash
3926,Smash
3927,Smash
3928,Smash
3929,Smash
3930,Smash
3931,Smash
3932,Smash
3933,Smash
3934,Smash
3935,Smash
3936,Smash
3937,Smash
3938,Smash
3939,Smash
3940,Smash
3941,Smash
3942,Smash
3943,Smash
3944,Smash
3945,Smash
3946,Smash
3947,Smash
3948,Smash
3949,Smash
3950,Smash
3951,Smash
3952,Smash
3953,Smash
3954,Smash
3955,Smash
3956,Smash
3957,Smash
3958,Smash
3959,Smash
3960,Smash
3961,Smash
3962,Smash
3963,Smash
3964,Smash
3965,Smash
3966,Smash
3967,Smash
3968,Smash
3969,Smash
3970,Smash
3971,Smash
3972,Smash
3973,Smash
3974,Smash
3975,Smash
3976,Smash
3977,Smash
3978,Smash
3979,Smash
3980,Smash
3981,Smash
3982,Smash
3983,Smash
3984,Smash
3985,Smash
3986,Smash
3987,Smash
3988,Smash
3989,Smash
3990,Smash
3991,Smash
3992,Smash
3993,Smash
3994,Smash
3995,Smash
3996,Smash
3997,Smash
3998,Smash
3999,Smash
4000,Smash
4001,Smash
4002,Smash
4003,Smash
4004,Smash
4005,Smash
4006,Smash
4007,Smash
4008,Smash
4009,Smash
4010,Smash
4011,Smash
4012,Smash
4013,Smash
4014,Smash
4015,Smash
4016,Smash
4017,Smash
4018,Smash
4019,Smash
4020,Smash
4021,Smash
4022,Smash
4023,Smash
4024,Smash
4025,Smash
4026,Smash
4027,Smash
4028,Smash
4029,Smash
4030,Smash
4031,Smash
4032,Smash
4033,Smash
4034,Smash
4035,Smash
4036,Smash
4037,Smash
4038,Smash
4039,Smash
4040,Smash
4041,Smash
4042,Smash
4043,Smash
4044,Smash
4045,Smash
4046,Smash
4047,Smash
4048,Smash
4049,Smash
4050,Smash
4051,Smash
4052,Smash
4053,Smash
4054,Smash
4055,Smash
4056,Smash
4057,Smash
4058,Smash
4059,Smash
4060,Smash
4061,Smash
4062,Smash
4063,Smash
4064,Smash
4065,Smash
4066,Smash
4067,Smash
4068,Smash
4069,Smash
4070,Smash
4071,Smash
4072,Smash
4073,Smash
4074,Smash
4075,Smash
4076,Smash
4077,Smash
4078,Smash
4079,Smash
4080,Smash
4081,Smash
4082,Smash
4083,Smash
4084,Smash
4085,Smash
4086,Smash
4087,Smash
4088,Smash
4089,Smash
4090,Smash
4091,Smash
4092,Smash
4093,Smash
4094,Smash
4095,Smash
4096,Smash
4097,Smash
4098,Smash
4099,Smash
4100,Smash
4101,Smash
4102,Smash
4103,Smash
4104,Smash
4105,Smash
4106,Smash
4107,Smash
4108,Smash
4109,Smash
4110,Smash
4111,Smash
4112,Smash
4113,Smash
4114,Smash
4115,Smash
4116,Smash
4117,Smash
4118,Smash
4119,Smash
4120,Smash
4121,Smash
4122,Smash
4123,Smash
4124,Smash
4125,Smash
4126,Smash
4127,Smash
4128,Smash
4129,Smash
4130,Smash
4131,Smash
4132,Smash
4133,Smash
4134,Smash
4135,Smash
4136,Smash
4137,Smash
4138,Smash
4139,Smash
4140,Smash
4141,Smash
4142,Smash
4143,Smash
4144,Smash
4145,Smash
4146,Smash
4147,Smash
4148,Smash
4149,Smash
4150,Smash
4151,Smash
4152,Smash
4153,Smash
4154,Smash
4155,Smash
4156,Smash
4157,Smash
4158,Smash
4159,Smash
4160,Smash
4161,Smash
4162,Smash
4163,Smash
4164,Smash
4165,Smash
4166,Smash
4167,Smash
4168,Smash
4169,Smash
4170,Smash
4171,Smash
4172,Smash
4173,Smash
4174,Smash
4175,Smash
4176,Smash
4177,Smash
4178,Smash
4179,Smash
4180,Smash
4181,Smash
4182,Smash
4183,Smash
4184,Smash
4185,Smash
4186,Smash
4187,Smash
4188,Smash
4189,Smash
4190,Smash
4191,Smash
4192,Smash
4193,Smash
4194,Smash
4195,Smash
4196,Smash
4197,Smash
4198,Smash
4199,Smash
4200,Smash
4201,Smash
4202,Smash
4203,Smash
4204,Smash
4205,Smash
4206,Smash
4207,Smash
4208,Smash
4209,Smash
4210,Smash
4211,Smash
4212,Smash
4213,Smash
4214,Smash
4215,Smash
4216,Smash
4217,Smash
4218,Smash
4219,Smash
4220,Smash
4221,Smash
4222,Smash
4223,Smash
4224,Smash
4225,Smash
4226,Smash
4227,Smash
4228,Smash
4229,Smash
4230,Smash
4231,Smash
4232,Smash
4233,Smash
4234,Smash
4235,Smash
4236,Smash
4237,Smash
4238,Smash
4239,Smash
4240,Smash
4241,Smash
4242,Smash
4243,Smash
4244,Smash
4245,Smash
4246,Smash
4247,Smash
4248,Smash
4249,Smash
4250,Smash
4251,Smash
4252,Smash
4253,Smash
4254,Smash
4255,Smash
4256,Smash
4257,Smash
4258,Smash
4259,Smash
4260,Smash
4261,Smash
4262,Smash
4263,Smash
4264,Smash
4265,Smash
4266,Smash
4267,Smash
4268,Smash
4269,Smash
4270,Smash
4271,Smash
4272,Smash
4273,Smash
4274,Smash
4275,Smash
4276,Smash
4277,Smash
4278,Smash
4279,Smash
4280,Smash
4281,Smash
4282,Smash
4283,Smash
4284,Smash
4285,Smash
4286,Smash
4287,Smash
4288,Smash
4289,Smash
4290,Smash
4291,Smash
4292,Smash
4293,Smash
4294,Smash
4295,Smash
4296,Smash
4297,Smash
4298,Smash
4299,Smash
4300,Smash
4301,Smash
4302,Smash
4303,Smash
4304,Smash
4305,Smash
4306,Smash
4307,Smash
4308,Smash
4309,Smash
4310,Smash
4311,Smash
4312,Smash
4313,Smash
4314,Smash
4315,Smash
4316,Smash
4317,Smash
4318,Smash
4319,Smash
4320,Smash
4321,Smash
4322,Smash
4323,Smash
4324,Smash
4325,Smash
4326,Smash
4327,Smash
4328,Smash
4329,Smash
4330,Smash
4331,Smash
4332,Smash
4333,Smash
4334,Smash
4335,Smash
4336,Smash
4337,Smash
4338,Smash
4339,Smash
4340,Smash
4341,Smash
4342,Smash
4343,Smash
4344,Smash
4345,Smash
4346,Smash
4347,Smash
4348,Smash
4349,Smash
4350,Smash
4351,Smash
4352,Smash
4353,Smash
4354,Smash
4355,Smash
4356,Smash
4357,Smash
4358,Smash
4359,Smash
4360,Smash
4361,Smash
4362,Smash
4363,Smash
4364,Smash
4365,Smash
4366,Smash
4367,Smash
4368,Smash
4369,Smash
4370,Smash
4371,Smash
4372,Smash
4373,Smash
4374,Smash
4375,Smash
4376,Smash
4377,Smash
4378,Smash
4379,Smash
4380,Smash
4381,Smash
4382,Smash
4383,Smash
4384,Smash
4385,Smash
4386,Smash
4387,Smash
4388,Smash
4389,Smash
4390,Smash
4391,Smash
4392,Smash
4393,Smash
4394,Smash
4395,Smash
4396,Smash
4397,Smash
4398,Smash
4399,Smash
4400,Smash
4401,Smash
4402,Smash
4403,Smash
4404,Smash
4405,Smash
4406,Smash
4407,Smash
4408,Smash
4409,Smash
4410,Smash
4411,Smash
4412,Smash
4413,Smash
4414,Smash
4415,Smash
4416,Smash
4417,Smash
4418,Smash
4419,Smash
4420,Smash
4421,Smash
4422,Smash
4423,Smash
4424,Smash
4425,Smash
4426,Smash
4427,Smash
4428,Smash
4429,Smash
4430,Smash
4431,Smash
4432,Smash
4433,Smash
4434,Smash
4435,Smash
4436,Smash
4437,Smash
4438,Smash
4439,Smash
4440,Smash
4441,Smash
4442,Smash
4443,Smash
4444,Smash
4445,Smash
4446,Smash
4447,Smash
4448,Smash
4449,Smash
4450,Smash
4451,Smash
4452,Smash
4453,Smash
4454,Smash
4455,Smash
4456,Smash
4457,Smash
4458,Smash
4459,Smash
4460,Smash
4461,Smash
4462,Smash
4463,Smash
4464,Smash
4465,Smash
4466,Smash
4467,Smash
4468,Smash
4469,Smash
4470,Smash
4471,Smash
4472,Smash
4473,Smash
4474,Smash
4475,Smash
4476,Smash
4477,Smash
4478,Smash
4479,Smash
4480,Smash
4481,Smash
4482,Smash
4483,Smash
4484,Smash
4485,Smash
4486,Smash
4487,Smash
4488,Smash
4489,Smash
4490,Smash
4491,Smash
4492,Smash
4493,Smash
4494,Smash
4495,Smash
4496,Smash
4497,Smash
4498,Smash
4499,Smash
4500,Smash
4501,Smash
4502,Smash
4503,Smash
4504,Smash
4505,Smash
4506,Smash
4507,Smash
4508,Smash
4509,Smash
4510,Smash
4511,Smash
4512,Smash
4513,Smash
4514,Smash
4515,Smash
4516,Smash
4517,Smash
4518,Smash
4519,Smash
4520,Smash
4521,Smash
4522,Smash
4523,Smash
4524,Smash
4525,Smash
4526,Smash
4527,Smash
4528,Smash
4529,Smash
4530,Smash
4531,Smash
4532,Smash
4533,Smash
4534,Smash
4535,Smash
4536,Smash
4537,Smash
4538,Smash
4539,Smash
4540,Smash
4541,Smash
4542,Smash
4543,Smash
4544,Smash
4545,Smash
4546,Smash
4547,Smash
4548,Smash
4549,Smash
4550,Smash
4551,Smash
4552,Smash
4553,Smash
4554,Smash
4555,Smash
4556,Smash
4557,Smash
4558,Smash
4559,Smash
4560,Smash
4561,Smash
4562,Smash
4563,Smash
4564,Smash
4565,Smash
4566,Smash
4567,Smash
4568,Smash
4569,Smash
4570,Smash
4571,Smash
4572,Smash
4573,Smash
4574,Smash
4575,Smash
4576,Smash
4577,Smash
4578,Smash
4579,Smash
4580,Smash
4581,Smash
4582,Smash
4583,Smash
4584,Smash
4585,Smash
4586,Smash
4587,Smash
4588,Smash
4589,Smash
4590,Smash
4591,Smash
4592,Smash
4593,Smash
4594,Smash
4595,Smash
4596,Smash
4597,Smash
4598,Smash
4599,Smash
4600,Smash
4601,Smash
4602,Smash
4603,Smash
4604,Smash
4605,Smash
4606,Smash
4607,Smash
4608,Smash
4609,Smash
4610,Smash
4611,Smash
4612,Smash
4613,Smash
4614,Smash
4615,Smash
4616,Smash
4617,Smash
4618,Smash
4619,Smash
4620,Smash
4621,Smash
4622,Smash
4623,Smash
4624,Smash
4625,Smash
4626,Smash
4627,Smash
4628,Smash
4629,Smash
4630,Smash
4631,Smash
4632,Smash
4633,Smash
4634,Smash
4635,Smash
4636,Smash
4637,Smash
4638,Smash
4639,Smash
4640,Smash
4641,Smash
4642,Smash
4643,Smash
4644,Smash
4645,Smash
4646,Smash
4647,Smash
4648,Smash
4649,Smash
4650,Smash
4651,Smash
4652,Smash
4653,Smash
4654,Smash
4655,Smash
4656,Smash
4657,Smash
4658,Smash
4659,Smash
4660,Smash
4661,Smash
4662,Smash
4663,Smash
4664,Smash
4665,Smash
4666,Smash
4667,Smash
4668,Smash
4669,Smash
4670,Smash
4671,Smash
4672,Smash
4673,Smash
4674,Smash
4675,Smash
4676,Smash
4677,Smash
4678,Smash
4679,Smash
4680,Smash
4681,Smash
4682,Smash
4683,Smash
4684,Smash
4685,Smash
4686,Smash
4687,Smash
4688,Smash
4689,Smash
4690,Smash
4691,Smash
4692,Smash
4693,Smash
4694,Smash
4695,Smash
4696,Smash
4697,Smash
4698,Smash
4699,Smash
4700,Smash
4701,Smash
4702,Smash
4703,Smash
4704,Smash
4705,Smash
4706,Smash
4707,Smash
4708,Smash
4709,Smash
4710,Smash
4711,Smash
4712,Smash
4713,Smash
4714,Smash
4715,Smash
4716,Smash
4717,Smash
4718,Smash
4719,Smash
4720,Smash
4721,Smash
4722,Smash
4723,Smash
4724,Smash
4725,Smash
4726,Smash
4727,Smash
4728,Smash
4729,Smash
4730,Smash
4731,Smash
4732,Smash
4733,Smash
4734,Smash
4735,Smash
4736,Smash
4737,Smash
4738,Smash
4739,Smash
4740,Smash
4741,Smash
4742,Smash
4743,Smash
4744,Smash
4745,Smash
4746,Smash
4747,Smash
4748,Smash
4749,Smash
4750,Smash
4751,Smash
4752,Smash
4753,Smash
4754,Smash
4755,Smash
4756,Smash
4757,Smash
4758,Smash
4759,Smash
4760,Smash
4761,Smash
4762,Smash
4763,Smash
4764,Smash
4765,Smash
4766,Smash
4767,Smash
4768,Smash
4769,Smash
4770,Smash
4771,Smash
4772,Smash
4773,Smash
4774,Smash
4775,Smash
4776,Smash
4777,Smash
4778,Smash
4779,Smash
4780,Smash
4781,Smash
4782,Smash
4783,Smash
4784,Smash
4785,Smash
4786,Smash
4787,Smash
4788,Smash
4789,Smash
4790,Smash
4791,Smash
4792,Smash
4793,Smash
4794,Smash
4795,Smash
4796,Smash
4797,Smash
4798,Smash
4799,Smash
4800,Smash
4801,Smash
4802,Smash
4803,Smash
4804,Smash
4805,Smash
4806,Smash
4807,Smash
4808,Smash
4809,Smash
4810,Smash
4811,Smash
4812,Smash
4813,Smash
4814,Smash
4815,Smash
4816,Smash
4817,Smash
4818,Smash
4819,Smash
4820,Smash
4821,Smash
4822,Smash
4823,Smash
4824,Smash
4825,Smash
4826,Smash
4827,Smash
4828,Smash
4829,Smash
4830,Smash
4831,Smash
4832,Smash
4833,Smash
4834,Smash
4835,Smash
4836,Smash
4837,Smash
4838,Smash
4839,Smash
4840,Smash
4841,Smash
4842,Smash
4843,Smash
4844,Smash
4845,Smash
4846,Smash
4847,Smash
4848,Smash
4849,Smash
4850,Smash
4851,Smash
4852,Smash
4853,Smash
4854,Smash
4855,Smash
4856,Smash
4857,Smash
4858,Smash
4859,Smash
4860,Smash
4861,Smash
4862,Smash
4863,Smash
4864,Smash
4865,Smash
4866,Smash
4867,Smash
4868,Smash
4869,Smash
4870,Smash
4871,Smash
4872,Smash
4873,Smash
4874,Smash
4875,Smash
4876,Smash
4877,Smash
4878,Smash
4879,Smash
4880,Smash
4881,Smash
4882,Smash
4883,Smash
4884,Smash
4885,Smash
4886,Smash
4887,Smash
4888,Smash
4889,Smash
4890,Smash
4891,Smash
4892,Smash
4893,Smash
4894,Smash
4895,Smash
4896,Smash
4897,Smash
4898,Smash
4899,Smash
4900,Smash
4901,Smash
4902,Smash
4903,Smash
4904,Smash
4905,Smash
4906,Smash
4907,Smash
4908,Smash
4909,Smash
4910,Smash
4911,Smash
4912,Smash
4913,Smash
4914,Smash
4915,Smash
4916,Smash
4917,Smash
4918,Smash
4919,Smash
4920,Smash
4921,Smash
4922,Smash
4923,Smash
4924,Smash
4925,Smash
4926,Smash
4927,Smash
4928,Smash
4929,Smash
4930,Smash
4931,Smash
4932,Smash
4933,Smash
4934,Smash
4935,Smash
4936,Smash
4937,Smash
4938,Smash
4939,Smash
4940,Smash
4941,Smash
4942,Smash
4943,Smash
4944,Smash
4945,Smash
4946,Smash
4947,Smash
4948,Smash
4949,Smash
4950,Smash
4951,Smash
4952,Smash
4953,Smash
4954,Smash
4955,Smash
4956,Smash
4957,Smash
4958,Smash
4959,Smash
4960,Smash
4961,Smash
4962,Smash
4963,Smash
4964,Smash
4965,Smash
4966,Smash
4967,Smash
4968,Smash
4969,Smash
4970,Smash
4971,Smash
4972,Smash
4973,Smash
4974,Smash
4975,Smash
4976,Smash
4977,Smash
4978,Smash
4979,Smash
4980,Smash
4981,Smash
4982,Smash
4983,Smash
4984,Smash
4985,Smash
4986,Smash
4987,Smash
4988,Smash
4989,Smash
4990,Smash
4991,Smash
4992,Smash
4993,Smash
4994,Smash
4995,Smash
4996,Smash
4997,Smash
4998,Smash
4999,Smash
5000,Smash
5001,Smash
5002,Smash
5003,Smash
5004,Smash
5005,Smash
5006,Smash
5007,Smash
5008,Smash
5009,Smash
5010,Smash
5011,Smash
5012,Smash
5013,Smash
5014,Smash
5015,Smash
5016,Smash
5017,Smash
5018,Smash
5019,Smash
5020,Smash
5021,Smash
5022,Smash
5023,Smash
5024,Smash
5025,Smash
5026,Smash
5027,Smash
5028,Smash
5029,Smash
5030,Smash
5031,Smash
5032,Smash
5033,Smash
5034,Smash
5035,Smash
5036,Smash
5037,Smash
5038,Smash
5039,Smash
5040,Smash
5041,Smash
5042,Smash
5043,Smash
5044,Smash
5045,Smash
5046,Smash
5047,Smash
5048,Smash
5049,Smash
5050,Smash
5051,Smash
5052,Smash
5053,Smash
5054,Smash
5055,Smash
5056,Smash
5057,Smash
5058,Smash
5059,Smash
5060,Smash
5061,Smash
5062,Smash
5063,Smash
5064,Smash
5065,Smash
5066,Smash
5067,Smash
5068,Smash
5069,Smash
5070,Smash
5071,Smash
5072,Smash
5073,Smash
5074,Smash
5075,Smash
5076,Smash
5077,Smash
5078,Smash
5079,Smash
5080,Smash
5081,Smash
5082,Smash
5083,Smash
5084,Smash
5085,Smash
5086,Smash
5087,Smash
5088,Smash
5089,Smash
5090,Smash
5091,Smash
5092,Smash
5093,Smash
5094,Smash
5095,Smash
5096,Smash
5097,Smash
5098,Smash
5099,Smash
5100,Smash
5101,Smash
5102,Smash
5103,Smash
5104,Smash
5105,Smash
5106,Smash
5107,Smash
5108,Smash
5109,Smash
5110,Smash
5111,Smash
5112,Smash
5113,Smash
5114,Smash
5115,Smash
5116,Smash
5117,Smash
5118,Smash
5119,Smash
5120,Smash
5121,Smash
5122,Smash
5123,Smash
5124,Smash
5125,Smash
5126,Smash
5127,Smash
5128,Smash
5129,Smash
5130,Smash
5131,Smash
5132,Smash
5133,Smash
5134,Smash
5135,Smash
5136,Smash
5137,Smash
5138,Smash
5139,Smash
5140,Smash
5141,Smash
5142,Smash
5143,Smash
5144,Smash
5145,Smash
5146,Smash
5147,Smash
5148,Smash
5149,Smash
5150,Smash
5151,Smash
5152,Smash
5153,Smash
5154,Smash
5155,Smash
5156,Smash
5157,Smash
5158,Smash
5159,Smash
5160,Smash
5161,Smash
5162,Smash
5163,Smash
5164,Smash
5165,Smash
5166,Smash
5167,Smash
5168,Smash
5169,Smash
5170,Smash
5171,Smash
5172,Smash
5173,Smash
5174,Smash
5175,Smash
5176,Smash
5177,Smash
5178,Smash
5179,Smash
5180,Smash
5181,Smash
5182,Smash
5183,Smash
5184,Smash
5185,Smash
5186,Smash
5187,Smash
5188,Smash
5189,Smash
5190,Smash
5191,Smash
5192,Smash
5193,Smash
5194,Smash
5195,Smash
5196,Smash
5197,Smash
5198,Smash
5199,Smash
5200,Smash
5201,Smash
5202,Smash
5203,Smash
5204,Smash
5205,Smash
5206,Smash
5207,Smash
5208,Smash
5209,Smash
5210,Smash
5211,Smash
5212,Smash
5213,Smash
5214,Smash
5215,Smash
5216,Smash
5217,Smash
5218,Smash
5219,Smash
5220,Smash
5221,Smash
5222,Smash
5223,Smash
5224,Smash
5225,Smash
5226,Smash
5227,Smash
5228,Smash
5229,Smash
5230,Smash
5231,Smash
5232,Smash
5233,Smash
5234,Smash
5235,Smash
5236,Smash
5237,Smash
5238,Smash
5239,Smash
5240,Smash
5241,Smash
5242,Smash
5243,Smash
5244,Smash
5245,Smash
5246,Smash
5247,Smash
5248,Smash
5249,Smash
5250,Smash
5251,Smash
5252,Smash
5253,Smash
5254,Smash
5255,Smash
5256,Smash
5257,Smash
5258,Smash
5259,Smash
5260,Smash
5261,Smash
5262,Smash
5263,Smash
5264,Smash
5265,Smash
5266,Smash
5267,Smash
5268,Smash
5269,Smash
5270,Smash
5271,Smash
5272,Smash
5273,Smash
5274,Smash
5275,Smash
5276,Smash
5277,Smash
5278,Smash
5279,Smash
5280,Smash
5281,Smash
5282,Smash
5283,Smash
5284,Smash
5285,Smash
5286,Smash
5287,Smash
5288,Smash
5289,Smash
5290,Smash
5291,Smash
5292,Smash
5293,Smash
5294,Smash
5295,Smash
5296,Smash
5297,Smash
5298,Smash
5299,Smash
5300,Smash
5301,Smash
5302,Smash
5303,Smash
5304,Smash
5305,Smash
5306,Smash
5307,Smash
5308,Smash
5309,Smash
5310,Smash
5311,Smash
5312,Smash
5313,Smash
5314,Smash
5315,Smash
5316,Smash
5317,Smash
5318,Smash
5319,Smash
5320,Smash
5321,Smash
5322,Smash
5323,Smash
5324,Smash
5325,Smash
5326,Smash
5327,Smash
5328,Smash
5329,Smash
5330,Smash
5331,Smash
5332,Smash
5333,Smash
5334,Smash
5335,Smash
5336,Smash
5337,Smash
5338,Smash
5339,Smash
5340,Smash
5341,Smash
5342,Smash
5343,Smash
5344,Smash
5345,Smash
5346,Smash
5347,Smash
5348,Smash
5349,Smash
5350,Smash
5351,Smash
5352,Smash
5353,Smash
5354,Smash
5355,Smash
5356,Smash
5357,Smash
5358,Smash
5359,Smash
5360,Smash
5361,Smash
5362,Smash
5363,Smash
5364,Smash
5365,Smash
5366,Smash
5367,Smash
5368,Smash
5369,Smash
5370,Smash
5371,Smash
5372,Smash
5373,Smash
5374,Smash
5375,Smash
5376,Smash
5377,Smash
5378,Smash
5379,Smash
5380,Smash
5381,Smash
5382,Smash
5383,Smash
5384,Smash
5385,Smash
5386,Smash
5387,Smash
5388,Smash
5389,Smash
5390,Smash
5391,Smash
5392,Smash
5393,Smash
5394,Smash
5395,Smash
5396,Smash
5397,Smash
5398,Smash
5399,Smash
5400,Smash
5401,Smash
5402,Smash
5403,Smash
5404,Smash
5405,Smash
5406,Smash
5407,Smash
5408,Smash
5409,Smash
5410,Smash
5411,Smash
5412,Smash
5413,Smash
5414,Smash
5415,Smash
5416,Smash
5417,Smash
5418,Smash
5419,Smash
5420,Smash
5421,Smash
5422,Smash
5423,Smash
5424,Smash
5425,Smash
5426,Smash
5427,Smash
5428,Smash
5429,Smash
5430,Smash
5431,Smash
5432,Smash
5433,Smash
5434,Smash
5435,Smash
5436,Smash
5437,Smash
5438,Smash
5439,Smash
5440,Smash
5441,Smash
5442,Smash
5443,Smash
5444,Smash
5445,Smash
5446,Smash
5447,Smash
5448,Smash
5449,Smash
5450,Smash
5451,Smash
5452,Smash
5453,Smash
5454,Smash
5455,Smash
5456,Smash
5457,Smash
5458,Smash
5459,Smash
5460,Smash
5461,Smash
5462,Smash
5463,Smash
5464,Smash
5465,Smash
5466,Smash
5467,Smash
5468,Smash
5469,Smash
5470,Smash
5471,Smash
5472,Smash
5473,Smash
5474,Smash
5475,Smash
5476,Smash
5477,Smash
5478,Smash
5479,Smash
5480,Smash
5481,Smash
5482,Smash
5483,Smash
5484,Smash
5485,Smash
5486,Smash
5487,Smash
5488,Smash
5489,Smash
5490,Smash
5491,Smash
5492,Smash
5493,Smash
5494,Smash
5495,Smash
5496,Smash
5497,Smash
5498,Smash
5499,Smash
5500,Smash
5501,Smash
5502,Smash
5503,Smash
5504,Smash
5505,Smash
5506,Smash
5507,Smash
5508,Smash
5509,Smash
5510,Smash
5511,Smash
5512,Smash
5513,Smash
5514,Smash
5515,Smash
5516,Smash
5517,Smash
5518,Smash
5519,Smash
5520,Smash
5521,Smash
5522,Smash
5523,Smash
5524,Smash
5525,Smash
5526,Smash
5527,Smash
5528,Smash
5529,Smash
5530,Smash
5531,Smash
5532,Smash
5533,Smash
5534,Smash
5535,Smash
5536,Smash
5537,Smash
5538,Smash
5539,Smash
5540,Smash
5541,Smash
5542,Smash
5543,Smash
5544,Smash
5545,Smash
5546,Smash
5547,Smash
5548,Smash
5549,Smash
5550,Smash
5551,Smash
5552,Smash
5553,Smash
5554,Smash
5555,Smash
5556,Smash
5557,Smash
5558,Smash
5559,Smash
5560,Smash
5561,Smash
5562,Smash
5563,Smash
5564,Smash
5565,Smash
5566,Smash
5567,Smash
5568,Smash
5569,Smash
5570,Smash
5571,Smash
5572,Smash
5573,Smash
5574,Smash
5575,Smash
5576,Smash
5577,Smash
5578,Smash
5579,Smash
5580,Smash
5581,Smash
5582,Smash
5583,Smash
5584,Smash
5585,Smash
5586,Smash
5587,Smash
5588,Smash
5589,Smash
5590,Smash
5591,Smash
5592,Smash
5593,Smash
5594,Smash
5595,Smash
5596,Smash
5597,Smash
5598,Smash
5599,Smash
5600,Smash
5601,Smash
5602,Smash
5603,Smash
5604,Smash
5605,Smash
5606,Smash
5607,Smash
5608,Smash
5609,Smash
5610,Smash
5611,Smash
5612,Smash
5613,Smash
5614,Smash
5615,Smash
5616,Smash
5617,Smash
5618,Smash
5619,Smash
5620,Smash
5621,Smash
5622,Smash
5623,Smash
5624,Smash
5625,Smash
5626,Smash
5627,Smash
5628,Smash
5629,Smash
5630,Smash
5631,Smash
5632,Smash
5633,Smash
5634,Smash
5635,Smash
5636,Smash
5637,Smash
5638,Smash
5639,Smash
5640,Smash
5641,Smash
5642,Smash
5643,Smash
5644,Smash
5645,Smash
5646,Smash
5647,Smash
5648,Smash
5649,Smash
5650,Smash
5651,Smash
5652,Smash
5653,Smash
5654,Smash
5655,Smash
5656,Smash
5657,Smash
5658,Smash
5659,Smash
5660,Smash
5661,Smash
5662,Smash
5663,Smash
5664,Smash
5665,Smash
5666,Smash
5667,Smash
5668,Smash
5669,Smash
5670,Smash
5671,Smash
5672,Smash
5673,Smash
5674,Smash
5675,Smash
5676,Smash
5677,Smash
5678,Smash
5679,Smash
5680,Smash
5681,Smash
5682,Smash
5683,Smash
5684,Smash
5685,Smash
5686,Smash
5687,Smash
5688,Smash
5689,Smash
5690,Smash
5691,Smash
5692,Smash
5693,Smash
5694,Smash
5695,Smash
5696,Smash
5697,Smash
5698,Smash
5699,Smash
5700,Smash
5701,Smash
5702,Smash
5703,Smash
5704,Smash
5705,Smash
5706,Smash
5707,Smash
5708,Smash
5709,Smash
5710,Smash
5711,Smash
5712,Smash
5713,Smash
5714,Smash
5715,Smash
5716,Smash
5717,Smash
5718,Smash
5719,Smash
5720,Smash
5721,Smash
5722,Smash
5723,Smash
5724,Smash
5725,Smash
5726,Smash
5727,Smash
5728,Smash
5729,Smash
5730,Smash
5731,Smash
5732,Smash
5733,Smash
5734,Smash
5735,Smash
5736,Smash
5737,Smash
5738,Smash
5739,Smash
5740,Smash
5741,Smash
5742,Smash
5743,Smash
5744,Smash
5745,Smash
5746,Smash
5747,Smash
5748,Smash
5749,Smash
5750,Smash
5751,Smash
5752,Smash
5753,Smash
5754,Smash
5755,Smash
5756,Smash
5757,Smash
5758,Smash
5759,Smash
5760,Smash
5761,Smash
5762,Smash
5763,Smash
5764,Smash
5765,Smash
5766,Smash
5767,Smash
5768,Smash
5769,Smash
5770,Smash
5771,Smash
5772,Smash
5773,Smash
5774,Smash
5775,Smash
5776,Smash
5777,Smash
5778,Smash
5779,Smash
5780,Smash
5781,Smash
5782,Smash
5783,Smash
5784,Smash
5785,Smash
5786,Smash
5787,Smash
5788,Smash
5789,Smash
5790,Smash
5791,Smash
5792,Smash
5793,Smash
5794,Smash
5795,Smash
5796,Smash
5797,Smash
5798,Smash
5799,Smash
5800,Smash
5801,Smash
5802,Smash
5803,Smash
5804,Smash
5805,Smash
5806,Smash
5807,Smash
5808,Smash
5809,Smash
5810,Smash
5811,Smash
5812,Smash
5813,Smash
5814,Smash
5815,Smash
5816,Smash
5817,Smash
5818,Smash
5819,Smash
5820,Smash
5821,Smash
5822,Smash
5823,Smash
5824,Smash
5825,Smash
5826,Smash
5827,Smash
5828,Smash
5829,Smash
5830,Smash
5831,Smash
5832,Smash
5833,Smash
5834,Smash
5835,Smash
5836,Smash
5837,Smash
5838,Smash
5839,Smash
5840,Smash
5841,Smash
5842,Smash
5843,Smash
5844,Smash
5845,Smash
5846,Smash
5847,Smash
5848,Smash
5849,Smash
5850,Smash
5851,Smash
5852,Smash
5853,Smash
5854,Smash
5855,Smash
5856,Smash
5857,Smash
5858,Smash
5859,Smash
5860,Smash
5861,Smash
5862,Smash
5863,Smash
5864,Smash
5865,Smash
5866,Smash
5867,Smash
5868,Smash
5869,Smash
5870,Smash
5871,Smash
5872,Smash
5873,Smash
5874,Smash
5875,Smash
5876,Smash
5877,Smash
5878,Smash
5879,Smash
5880,Smash
5881,Smash
5882,Smash
5883,Smash
5884,Smash
5885,Smash
5886,Smash
5887,Smash
5888,Smash
5889,Smash
5890,Smash
5891,Smash
5892,Smash
5893,Smash
5894,Smash
5895,Smash
5896,Smash
5897,Smash
5898,Smash
5899,Smash
5900,Smash
5901,Smash
5902,Smash
5903,Smash
5904,Smash
5905,Smash
5906,Smash
5907,Smash
5908,Smash
5909,Smash
5910,Smash
5911,Smash
5912,Smash
5913,Smash
5914,Smash
5915,Smash
5916,Smash
5917,Smash
5918,Smash
5919,Smash
5920,Smash
5921,Smash
5922,Smash
5923,Smash
5924,Smash
5925,Smash
5926,Smash
5927,Smash
5928,Smash
5929,Smash
5930,Smash
5931,Smash
5932,Smash
5933,Smash
5934,Smash
5935,Smash
5936,Smash
5937,Smash
5938,Smash
5939,Smash
5940,Smash
5941,Smash
5942,Smash
5943,Smash
5944,Smash
5945,Smash
5946,Smash
5947,Smash
5948,Smash
5949,Smash
5950,Smash
5951,Smash
5952,Smash
5953,Smash
5954,Smash
5955,Smash
5956,Smash
5957,Smash
5958,Smash
5959,Smash
5960,Smash
5961,Smash
5962,Smash
5963,Smash
5964,Smash
5965,Smash
5966,Smash
5967,Smash
5968,Smash
5969,Smash
5970,Smash
5971,Backhand
5972,Backhand
5973,Backhand
5974,Backhand
5975,Backhand
5976,Backhand
5977,Backhand
5978,Backhand
5979,Backhand
5980,Backhand
5981,Backhand
5982,Backhand
5983,Backhand
5984,Backhand
5985,Backhand
5986,Backhand
5987,Backhand
5988,Backhand
5989,Backhand
5990,Backhand
5991,Backhand
5992,Backhand
5993,Backhand
5994,Backhand
5995,Backhand
5996,Backhand
5997,Backhand
5998,Backhand
5999,Backhand
6000,Backhand
6001,Backhand
6002,Backhand
6003,Backhand
6004,Backhand
6005,Backhand
6006,Backhand
6007,Backhand
6008,Backhand
6009,Backhand
6010,Backhand
6011,Backhand
6012,Backhand
6013,Backhand
6014,Backhand
6015,Backhand
6016,Backhand
6017,Backhand
6018,Backhand
6019,Backhand
6020,Backhand
6021,Backhand
6022,Backhand
6023,Backhand
6024,Backhand
6025,Backhand
6026,Backhand
6027,Backhand
6028,Backhand
6029,Backhand
6030,Backhand
6031,Backhand
6032,Backhand
6033,Backhand
6034,Backhand
6035,Backhand
6036,Backhand
6037,Backhand
6038,Backhand
6039,Backhand
6040,Backhand
6041,Backhand
6042,Backhand
6043,Backhand
6044,Backhand
6045,Backhand
6046,Backhand
6047,Backhand
6048,Backhand
6049,Backhand
6050,Backhand
6051,Backhand
6052,Backhand
6053,Backhand
6054,Backhand
6055,Backhand
6056,Backhand
6057,Backhand
6058,Backhand
6059,Backhand
6060,Backhand
6061,Backhand
6062,Backhand
6063,Backhand
6064,Backhand
6065,Backhand
6066,Backhand
6067,Backhand
6068,Backhand
6069,Backhand
6070,Backhand
6071,Backhand
6072,Backhand
6073,Backhand
6074,Backhand
6075,Backhand
6076,Backhand
6077,Backhand
6078,Backhand
6079,Backhand
6080,Backhand
6081,Backhand
6082,Backhand
6083,Backhand
6084,Backhand
6085,Backhand
6086,Backhand
6087,Backhand
6088,Backhand
6089,Backhand
6090,Backhand
6091,Backhand
6092,Backhand
6093,Backhand
6094,Backhand
6095,Backhand
6096,Backhand
6097,Backhand
6098,Backhand
6099,Backhand
6100,Backhand
6101,Backhand
6102,Backhand
6103,Backhand
6104,Backhand
6105,Backhand
6106,Backhand
6107,Backhand
6108,Backhand
6109,Backhand
6110,Backhand
6111,Backhand
6112,Backhand
6113,Backhand
6114,Backhand
6115,Backhand
6116,Backhand
6117,Backhand
6118,Backhand
6119,Backhand
6120,Backhand
6121,Backhand
6122,Backhand
6123,Backhand
6124,Backhand
6125,Backhand
6126,Backhand
6127,Backhand
6128,Backhand
6129,Backhand
6130,Backhand
6131,Backhand
6132,Backhand
6133,Backhand
6134,Backhand
6135,Backhand
6136,Backhand
6137,Backhand
6138,Backhand
6139,Backhand
6140,Backhand
6141,Backhand
6142,Backhand
6143,Backhand
6144,Backhand
6145,Backhand
6146,Backhand
6147,Backhand
6148,Backhand
6149,Backhand
6150,Backhand
6151,Backhand
6152,Backhand
6153,Backhand
6154,Backhand
6155,Backhand
6156,Backhand
6157,Backhand
6158,Backhand
6159,Backhand
6160,Backhand
6161,Backhand
6162,Backhand
6163,Backhand
6164,Backhand
6165,Backhand
6166,Backhand
6167,Backhand
6168,Backhand
6169,Backhand
6170,Backhand
6171,Backhand
6172,Backhand
6173,Backhand
6174,Backhand
6175,Backhand
6176,Backhand
6177,Backhand
6178,Backhand
6179,Backhand
6180,Backhand
6181,Backhand
6182,Backhand
6183,Backhand
6184,Backhand
6185,Backhand
6186,Backhand
6187,Backhand
6188,Backhand
6189,Backhand
6190,Backhand
6191,Backhand
6192,Backhand
6193,Backhand
6194,Backhand
6195,Backhand
6196,Backhand
6197,Backhand
6198,Backhand
6199,Backhand
6200,Backhand
6201,Backhand
6202,Backhand
6203,Backhand
6204,Backhand
6205,Backhand
6206,Backhand
6207,Backhand
6208,Backhand
6209,Backhand
6210,Backhand
6211,Backhand
6212,Backhand
6213,Backhand
6214,Backhand
6215,Backhand
6216,Backhand
6217,Backhand
6218,Backhand
6219,Backhand
6220,Backhand
6221,Backhand
6222,Backhand
6223,Backhand
6224,Backhand
6225,Backhand
6226,Backhand
6227,Backhand
6228,Backhand
6229,Backhand
6230,Backhand
6231,Backhand
6232,Backhand
6233,Backhand
6234,Backhand
6235,Backhand
6236,Backhand
6237,Backhand
6238,Backhand
6239,Backhand
6240,Backhand
6241,Backhand
6242,Backhand
6243,Backhand
6244,Backhand
6245,Backhand
6246,Backhand
6247,Backhand
6248,Backhand
6249,Backhand
6250,Backhand
6251,Backhand
6252,Backhand
6253,Backhand
6254,Backhand
6255,Backhand
6256,Backhand
6257,Backhand
6258,Backhand
6259,Backhand
6260,Backhand
6261,Backhand
6262,Backhand
6263,Backhand
6264,Backhand
6265,Backhand
6266,Backhand
6267,Backhand
6268,Backhand
6269,Backhand
6270,Backhand
6271,Backhand
6272,Backhand
6273,Backhand
6274,Backhand
6275,Backhand
6276,Backhand
6277,Backhand
6278,Backhand
6279,Backhand
6280,Backhand
6281,Backhand
6282,Backhand
6283,Backhand
6284,Backhand
6285,Backhand
6286,Backhand
6287,Backhand
6288,Backhand
6289,Backhand
6290,Backhand
6291,Backhand
6292,Backhand
6293,Backhand
6294,Backhand
6295,Backhand
6296,Backhand
6297,Backhand
6298,Backhand
6299,Backhand
6300,Backhand
6301,Backhand
6302,Backhand
6303,Backhand
6304,Backhand
6305,Backhand
6306,Backhand
6307,Backhand
6308,Backhand
6309,Backhand
6310,Backhand
6311,Backhand
6312,Backhand
6313,Backhand
6314,Backhand
6315,Backhand
6316,Backhand
6317,Backhand
6318,Backhand
6319,Backhand
6320,Backhand
6321,Backhand
6322,Backhand
6323,Backhand
6324,Backhand
6325,Backhand
6326,Backhand
6327,Backhand
6328,Backhand
6329,Backhand
6330,Backhand
6331,Backhand
6332,Backhand
6333,Backhand
6334,Backhand
6335,Backhand
6336,Backhand
6337,Backhand
6338,Backhand
6339,Backhand
6340,Backhand
6341,Backhand
6342,Backhand
6343,Backhand
6344,Backhand
6345,Backhand
6346,Backhand
6347,Backhand
6348,Backhand
6349,Backhand
6350,Backhand
6351,Backhand
6352,Backhand
6353,Backhand
6354,Backhand
6355,Backhand
6356,Backhand
6357,Backhand
6358,Backhand
6359,Backhand
6360,Backhand
6361,Backhand
6362,Backhand
6363,Backhand
6364,Backhand
6365,Backhand
6366,Backhand
6367,Backhand
6368,Backhand
6369,Backhand
6370,Backhand
6371,Backhand
6372,Backhand
6373,Backhand
6374,Backhand
6375,Smash
6376,Smash
6377,Smash
6378,Smash
6379,Smash
6380,Smash
6381,Smash
6382,Smash
6383,Smash
6384,Smash
6385,Smash
6386,Smash
6387,Smash
6388,Smash
6389,Smash
6390,Smash
6391,Smash
6392,Smash
6393,Smash
6394,Smash
6395,Smash
6396,Smash
6397,Smash
6398,Smash
6399,Smash
6400,Smash
6401,Smash
6402,Smash
6403,Smash
6404,Smash
6405,Smash
6406,Smash
6407,Smash
6408,Smash
6409,Smash
6410,Smash
6411,Smash
6412,Smash
6413,Smash
6414,Smash
6415,Smash
6416,Smash
6417,Smash
6418,Smash
6419,Smash
6420,Smash
6421,Smash
6422,Smash
6423,Smash
6424,Smash
6425,Smash
6426,Smash
6427,Smash
6428,Smash
6429,Smash
6430,Smash
6431,Smash
6432,Smash
6433,Smash
6434,Smash
6435,Smash
6436,Smash
6437,Smash
6438,Smash
6439,Smash
6440,Smash
6441,Smash
6442,Smash
6443,Smash
6444,Smash
6445,Smash
6446,Smash
6447,Smash
6448,Smash
6449,Smash
6450,Smash
6451,Smash
6452,Smash
6453,Smash
6454,Smash
6455,Smash
6456,Smash
6457,Smash
6458,Smash
6459,Smash
6460,Smash
6461,Smash
6462,Smash
6463,Smash
6464,Smash
6465,Smash
6466,Smash
6467,Smash
6468,Smash
6469,Smash
6470,Smash
6471,Smash
6472,Smash
6473,Smash
6474,Smash
6475,Smash
6476,Smash
6477,Smash
6478,Smash
6479,Smash
6480,Smash
6481,Smash
6482,Smash
6483,Smash
6484,Smash
6485,Smash
6486,Smash
6487,Smash
6488,Smash
6489,Smash
6490,Smash
6491,Smash
6492,Smash
6493,Smash
6494,Smash
6495,Smash
6496,Smash
6497,Smash
6498,Smash
6499,Smash
6500,Smash
6501,Smash
6502,Smash
6503,Smash
6504,Smash
6505,Smash
6506,Smash
6507,Smash
6508,Smash
6509,Smash
6510,Smash
6511,Smash
6512,Smash
6513,Smash
6514,Smash
6515,Smash
6516,Smash
6517,Smash
6518,Backhand
6519,Backhand
6520,Backhand
6521,Backhand
6522,Backhand
6523,Backhand
6524,Backhand
6525,Backhand
6526,Backhand
6527,Backhand
6528,Backhand
6529,Backhand
6530,Backhand
6531,Backhand
6532,Backhand
6533,Backhand
6534,Backhand
6535,Backhand
6536,Backhand
6537,Backhand
6538,Backhand
6539,Backhand
6540,Backhand
6541,Backhand
6542,Backhand
6543,Backhand
6544,Backhand
6545,Backhand
6546,Backhand
6547,Backhand
6548,Backhand
6549,Backhand
6550,Backhand
6551,Backhand
6552,Backhand
6553,Backhand
6554,Smash
6555,Backhand
6556,Backhand
6557,Backhand
6558,Backhand
6559,Backhand
6560,Backhand
6561,Backhand
6562,Backhand
6563,Backhand
6564,Backhand
6565,Backhand
6566,Backhand
6567,Backhand
6568,Backhand
6569,Backhand
6570,Backhand
6571,Backhand
6572,Backhand
6573,Backhand
6574,Backhand
6575,Backhand
6576,Backhand
6577,Backhand
6578,Backhand
6579,Backhand
6580,Backhand
6581,Backhand
6582,Backhand
6583,Backhand
6584,Backhand
6585,Backhand
6586,Backhand
6587,Backhand
6588,Backhand
6589,Backhand
6590,Backhand
6591,Backhand
6592,Backhand
6593,Backhand
6594,Backhand
6595,Backhand
6596,Backhand
6597,Backhand
6598,Backhand
6599,Backhand
6600,Backhand
6601,Backhand
6602,Backhand
6603,Backhand
6604,Backhand
6605,Backhand
6606,Backhand
6607,Backhand
6608,Backhand
6609,Backhand
6610,Backhand
6611,Backhand
6612,Backhand
6613,Backhand
6614,Backhand
6615,Backhand
6616,Backhand
6617,Backhand
6618,Backhand
6619,Backhand
6620,Backhand
6621,Backhand
6622,Backhand
6623,Backhand
6624,Backhand
6625,Backhand
6626,Backhand
6627,Backhand
6628,Backhand
6629,Backhand
6630,Backhand
6631,Backhand
6632,Backhand
6633,Backhand
6634,Backhand
6635,Backhand
6636,Backhand
6637,Backhand
6638,Backhand
6639,Backhand
6640,Backhand
6641,Backhand
6642,Backhand
6643,Backhand
6644,Backhand
6645,Backhand
6646,Backhand
6647,Backhand
6648,Backhand
6649,Backhand
6650,Backhand
6651,Backhand
6652,Backhand
6653,Backhand
6654,Backhand
6655,Backhand
6656,Backhand
6657,Backhand
6658,Backhand
6659,Backhand
6660,Backhand
6661,Backhand
6662,Backhand
6663,Backhand
6664,Backhand
6665,Backhand
6666,Backhand
6667,Backhand
6668,Backhand
6669,Backhand
6670,Backhand
6671,Backhand
6672,Backhand
6673,Backhand
6674,Backhand
6675,Backhand
6676,Backhand
6677,Backhand
6678,Backhand
6679,Backhand
6680,Backhand
6681,Backhand
6682,Backhand
6683,Backhand
6684,Backhand
6685,Backhand
6686,Backhand
6687,Backhand
6688,Backhand
6689,Backhand
6690,Backhand
6691,Backhand
6692,Backhand
6693,Backhand
6694,Backhand
6695,Backhand
6696,Backhand
6697,Backhand
6698,Backhand
6699,Backhand
6700,Backhand
6701,Backhand
6702,Backhand
6703,Backhand
6704,Backhand
6705,Backhand
6706,Backhand
6707,Backhand
6708,Backhand
6709,Backhand
6710,Backhand
6711,Backhand
6712,Backhand
6713,Backhand
6714,Backhand
6715,Backhand
6716,Backhand
6717,Backhand
6718,Backhand
6719,Backhand
6720,Backhand
6721,Backhand
6722,Backhand
6723,Backhand
6724,Backhand
6725,Backhand
6726,Backhand
6727,Backhand
6728,Backhand
6729,Backhand
6730,Backhand
6731,Backhand
6732,Backhand
6733,Backhand
6734,Backhand
6735,Backhand
6736,Backhand
6737,Backhand
6738,Backhand
6739,Backhand
6740,Backhand
6741,Backhand
6742,Backhand
6743,Backhand
6744,Backhand
6745,Backhand
6746,Backhand
6747,Backhand
6748,Backhand
6749,Backhand
6750,Backhand
6751,Backhand
6752,Backhand
6753,Backhand
6754,Backhand
6755,Backhand
6756,Backhand
6757,Backhand
6758,Backhand
6759,Backhand
6760,Backhand
6761,Backhand
6762,Backhand
6763,Backhand
6764,Backhand
6765,Backhand
6766,Backhand
6767,Backhand
6768,Backhand
6769,Backhand
6770,Backhand
6771,Backhand
6772,Backhand
6773,Backhand
6774,Backhand
6775,Backhand
6776,Backhand
6777,Backhand
6778,Backhand
6779,Backhand
6780,Backhand
6781,Backhand
6782,Backhand
6783,Backhand
6784,Backhand
6785,Backhand
6786,Backhand
6787,Backhand
6788,Backhand
6789,Backhand
6790,Backhand
6791,Backhand
6792,Backhand
6793,Backhand
6794,Backhand
6795,Backhand
6796,Backhand
6797,Backhand
6798,Backhand
6799,Backhand
6800,Backhand
6801,Backhand
6802,Backhand
6803,Backhand
6804,Backhand
6805,Backhand
6806,Backhand
6807,Backhand
6808,Backhand
6809,Backhand
6810,Backhand
6811,Backhand
6812,Backhand
6813,Backhand
6814,Backhand
6815,Backhand
6816,Backhand
6817,Backhand
6818,Backhand
6819,Backhand
6820,Backhand
6821,Backhand
6822,Backhand
6823,Backhand
6824,Backhand
6825,Backhand
6826,Backhand
6827,Backhand
6828,Backhand
6829,Backhand
6830,Backhand
6831,Backhand
6832,Backhand
6833,Backhand
6834,Backhand
6835,Backhand
6836,Backhand
6837,Backhand
6838,Backhand
6839,Backhand
6840,Backhand
6841,Backhand
6842,Backhand
6843,Backhand
6844,Backhand
6845,Backhand
6846,Backhand
6847,Backhand
6848,Backhand
6849,Backhand
6850,Backhand
6851,Backhand
6852,Backhand
6853,Backhand
6854,Backhand
6855,Backhand
6856,Backhand
6857,Backhand
6858,Backhand
6859,Backhand
6860,Backhand
6861,Backhand
6862,Backhand
6863,Backhand
6864,Backhand
6865,Backhand
6866,Backhand
6867,Backhand
6868,Backhand
6869,Backhand
6870,Backhand
6871,Backhand
6872,Backhand
6873,Backhand
6874,Backhand
6875,Backhand
6876,Backhand
6877,Backhand
6878,Backhand
6879,Backhand
6880,Backhand
6881,Backhand
6882,Backhand
6883,Backhand
6884,Backhand
6885,Backhand
6886,Backhand
6887,Backhand
6888,Backhand
6889,Backhand
6890,Backhand
6891,Backhand
6892,Backhand
6893,Backhand
6894,Backhand
6895,Backhand
6896,Backhand
6897,Backhand
6898,Backhand
6899,Backhand
6900,Backhand
6901,Backhand
6902,Backhand
6903,Backhand
6904,Backhand
6905,Backhand
6906,Backhand
6907,Backhand
6908,Backhand
6909,Backhand
6910,Backhand
6911,Backhand
6912,Backhand
6913,Backhand
6914,Backhand
6915,Backhand
6916,Backhand
6917,Backhand
6918,Backhand
6919,Backhand
6920,Backhand
6921,Backhand
6922,Backhand
6923,Backhand
6924,Backhand
6925,Backhand
6926,Backhand
6927,Backhand
6928,Backhand
6929,Backhand
6930,Backhand
6931,Backhand
6932,Backhand
6933,Backhand
6934,Backhand
6935,Backhand
6936,Backhand
6937,Backhand
6938,Backhand
6939,Backhand
6940,Backhand
6941,Backhand
6942,Backhand
6943,Backhand
6944,Backhand
6945,Backhand
6946,Backhand
6947,Backhand
6948,Backhand
6949,Backhand
6950,Backhand
6951,Backhand
6952,Backhand
6953,Backhand
6954,Backhand
6955,Backhand
6956,Backhand
6957,Backhand
6958,Backhand
6959,Backhand
6960,Backhand
6961,Backhand
6962,Backhand
6963,Backhand
6964,Backhand
6965,Backhand
6966,Backhand
6967,Backhand
6968,Backhand
6969,Backhand
6970,Backhand
6971,Backhand
6972,Backhand
6973,Backhand
6974,Backhand
6975,Backhand
6976,Backhand
6977,Backhand
6978,Backhand
6979,Backhand
6980,Backhand
6981,Backhand
6982,Backhand
6983,Backhand
6984,Backhand
6985,Backhand
6986,Backhand
6987,Backhand
6988,Backhand
6989,Backhand
6990,Backhand
6991,Backhand
6992,Backhand
6993,Backhand
6994,Backhand
6995,Backhand
6996,Backhand
6997,Backhand
6998,Smash
6999,Smash
7000,Smash
7001,Smash
7002,Smash
7003,Backhand
7004,Backhand
7005,Backhand
7006,Backhand
7007,Backhand
7008,Backhand
7009,Backhand
7010,Backhand
7011,Backhand
7012,Backhand
7013,Backhand
7014,Backhand
7015,Backhand
7016,Backhand
7017,Backhand
7018,Backhand
7019,Backhand
7020,Backhand
7021,Backhand
7022,Backhand
7023,Backhand
7024,Backhand
7025,Backhand
7026,Backhand
7027,Backhand
7028,Backhand
7029,Backhand
7030,Backhand
7031,Backhand
7032,Backhand
7033,Backhand
7034,Backhand
7035,Backhand
7036,Backhand
7037,Backhand
7038,Backhand
7039,Backhand
7040,Backhand
7041,Backhand
7042,Backhand
7043,Backhand
7044,Backhand
7045,Backhand
7046,Backhand
7047,Backhand
7048,Backhand
7049,Backhand
7050,Backhand
7051,Backhand
7052,Backhand
7053,Backhand
7054,Backhand
7055,Backhand
7056,Backhand
7057,Backhand
7058,Backhand
7059,Backhand
7060,Backhand
7061,Backhand
7062,Backhand
7063,Backhand
7064,Backhand
7065,Backhand
7066,Backhand
7067,Backhand
7068,Backhand
7069,Backhand
7070,Backhand
7071,Backhand
7072,Backhand
7073,Backhand
7074,Backhand
7075,Backhand
7076,Backhand
7077,Backhand
7078,Backhand
7079,Backhand
7080,Backhand
7081,Backhand
7082,Backhand
7083,Backhand
7084,Backhand
7085,Backhand
7086,Backhand
7087,Backhand
7088,Backhand
7089,Backhand
7090,Backhand
7091,Backhand
7092,Backhand
7093,Backhand
7094,Backhand
7095,Backhand
7096,Backhand
7097,Backhand
7098,Backhand
7099,Backhand
7100,Backhand
7101,Backhand
7102,Backhand
7103,Backhand
7104,Backhand
7105,Backhand
7106,Backhand
7107,Backhand
7108,Backhand
7109,Backhand
7110,Backhand
7111,Backhand
7112,Backhand
7113,Backhand
7114,Backhand
7115,Backhand
7116,Backhand
7117,Backhand
7118,Forehand
7119,Backhand
7120,Backhand
7121,Backhand
7122,Backhand
7123,Backhand
7124,Backhand
7125,Backhand
7126,Backhand
7127,Backhand
7128,Backhand
7129,Backhand
7130,Backhand
7131,Backhand
7132,Backhand
7133,Backhand
7134,Backhand
7135,Backhand
7136,Backhand
7137,Backhand
7138,Backhand
7139,Backhand
7140,Backhand
7141,Backhand
7142,Backhand
7143,Backhand
7144,Backhand
7145,Backhand
7146,Backhand
7147,Backhand
7148,Backhand
7149,Backhand
7150,Backhand
7151,Backhand
7152,Backhand
7153,Backhand
7154,Backhand
7155,Backhand
7156,Backhand
7157,Backhand
7158,Backhand
7159,Backhand
7160,Backhand
7161,Backhand
7162,Backhand
7163,Backhand
7164,Backhand
7165,Backhand
7166,Backhand
7167,Backhand
7168,Backhand
7169,Backhand
7170,Backhand
7171,Backhand
7172,Backhand
7173,Backhand
7174,Backhand
7175,Backhand
7176,Backhand
7177,Backhand
7178,Backhand
7179,Backhand
7180,Backhand
7181,Backhand
7182,Backhand
7183,Backhand
7184,Backhand
7185,Backhand
7186,Backhand
7187,Backhand
7188,Backhand
7189,Backhand
7190,Backhand
7191,Backhand
7192,Backhand
7193,Backhand
7194,Backhand
7195,Backhand
7196,Backhand
7197,Backhand
7198,Backhand
7199,Backhand
7200,Backhand
7201,Backhand
7202,Backhand
7203,Backhand
7204,Backhand
7205,Backhand
7206,Backhand
7207,Backhand
7208,Backhand
7209,Backhand
7210,Backhand
7211,Backhand
7212,Backhand
7213,Backhand
7214,Backhand
7215,Backhand
7216,Backhand
7217,Backhand
7218,Backhand
7219,Backhand
7220,Backhand
7221,Backhand
7222,Backhand
7223,Backhand
7224,Backhand
7225,Backhand
7226,Backhand
7227,Backhand
7228,Backhand
7229,Backhand
7230,Backhand
7231,Backhand
7232,Backhand
7233,Backhand
7234,Backhand
7235,Backhand
7236,Backhand
7237,Backhand
7238,Backhand
7239,Backhand
7240,Backhand
7241,Backhand
7242,Backhand
7243,Backhand
7244,Backhand
7245,Backhand
7246,Backhand
7247,Backhand
7248,Backhand
7249,Backhand
7250,Backhand
7251,Backhand
7252,Backhand
7253,Backhand
7254,Backhand
7255,Backhand
7256,Backhand
7257,Backhand
7258,Backhand
7259,Backhand
7260,Backhand
7261,Backhand
7262,Backhand
7263,Backhand
7264,Backhand
7265,Backhand
7266,Backhand
7267,Backhand
7268,Backhand
7269,Backhand
7270,Backhand
7271,Backhand
7272,Backhand
7273,Backhand
7274,Backhand
7275,Backhand
7276,Backhand
7277,Backhand
7278,Backhand
7279,Backhand
7280,Backhand
7281,Backhand
7282,Backhand
7283,Backhand
7284,Backhand
7285,Backhand
7286,Backhand
7287,Backhand
7288,Backhand
7289,Backhand
7290,Backhand
7291,Backhand
7292,Backhand
7293,Backhand
7294,Backhand
7295,Backhand
7296,Backhand
7297,Backhand
7298,Backhand
7299,Backhand
7300,Backhand
7301,Backhand
7302,Backhand
7303,Backhand
7304,Backhand
7305,Backhand
7306,Backhand
7307,Backhand
7308,Backhand
7309,Backhand
7310,Backhand
7311,Backhand
7312,Backhand
7313,Backhand
7314,Backhand
7315,Backhand
7316,Backhand
7317,Backhand
7318,Backhand
7319,Backhand
7320,Backhand
7321,Backhand
7322,Backhand
7323,Backhand
7324,Backhand
7325,Backhand
7326,Backhand
7327,Backhand
7328,Backhand
7329,Backhand
7330,Backhand
7331,Backhand
7332,Backhand
7333,Backhand
7334,Backhand
7335,Backhand
7336,Backhand
7337,Backhand
7338,Backhand
7339,Backhand
7340,Backhand
7341,Backhand
7342,Backhand
7343,Backhand
7344,Backhand
7345,Backhand
7346,Backhand
7347,Backhand
7348,Backhand
7349,Backhand
7350,Backhand
7351,Backhand
7352,Backhand
7353,Backhand
7354,Backhand
7355,Backhand
7356,Backhand
7357,Backhand
7358,Backhand
7359,Backhand
7360,Backhand
7361,Backhand
7362,Backhand
7363,Backhand
7364,Backhand
7365,Backhand
7366,Backhand
7367,Backhand
7368,Backhand
7369,Backhand
7370,Backhand
7371,Backhand
7372,Backhand
7373,Backhand
7374,Backhand
7375,Backhand
7376,Backhand
7377,Backhand
7378,Backhand
7379,Backhand
7380,Backhand
7381,Backhand
7382,Backhand
7383,Backhand
7384,Backhand
7385,Backhand
7386,Backhand
7387,Backhand
7388,Backhand
7389,Backhand
7390,Backhand
7391,Backhand
7392,Backhand
7393,Smash
7394,Smash
7395,Smash
7396,Smash
7397,Smash
7398,Smash
7399,Smash
7400,Smash
7401,Smash
7402,Smash
7403,Smash
7404,Smash
7405,Smash
7406,Smash
7407,Smash
7408,Smash
7409,Smash
7410,Smash
7411,Smash
7412,Smash
7413,Smash
7414,Backhand
7415,Backhand
7416,Backhand
7417,Backhand
7418,Backhand
7419,Backhand
7420,Backhand
7421,Backhand
7422,Backhand
7423,Backhand
7424,Backhand
7425,Backhand
7426,Backhand
7427,Backhand
7428,Backhand
7429,Backhand
7430,Backhand
7431,Backhand
7432,Backhand
7433,Backhand
7434,Backhand
7435,Backhand
7436,Backhand
7437,Backhand
7438,Backhand
7439,Backhand
7440,Backhand
7441,Backhand
7442,Backhand
7443,Backhand
7444,Backhand
7445,Backhand
7446,Backhand
7447,Backhand
7448,Backhand
7449,Backhand
7450,Backhand
7451,Backhand
7452,Backhand
7453,Backhand
7454,Backhand
7455,Backhand
7456,Backhand
7457,Backhand
7458,Backhand
7459,Backhand
7460,Backhand
7461,Backhand
7462,Backhand
7463,Backhand
7464,Backhand
7465,Backhand
7466,Backhand
7467,Backhand
7468,Backhand
7469,Backhand
7470,Backhand
7471,Backhand
7472,Backhand
7473,Backhand
7474,Backhand
7475,Backhand
7476,Backhand
7477,Backhand
7478,Backhand
7479,Backhand
7480,Backhand
7481,Backhand
7482,Backhand
7483,Backhand
7484,Backhand
7485,Backhand
7486,Backhand
7487,Backhand
7488,Backhand
7489,Backhand
7490,Backhand
7491,Backhand
7492,Backhand
7493,Backhand
7494,Backhand
7495,Backhand
7496,Backhand
7497,Backhand
7498,Backhand
7499,Backhand
7500,Backhand
7501,Backhand
7502,Backhand
7503,Backhand
7504,Backhand
7505,Backhand
7506,Backhand
7507,Backhand
7508,Backhand
7509,Backhand
7510,Backhand
7511,Backhand
7512,Backhand
7513,Backhand
7514,Backhand
7515,Backhand
7516,Backhand
7517,Backhand
7518,Backhand
7519,Backhand
7520,Backhand
7521,Backhand
7522,Backhand
7523,Backhand
7524,Backhand
7525,Backhand
7526,Backhand
7527,Backhand
7528,Backhand
7529,Backhand
7530,Backhand
7531,Backhand
7532,Backhand
7533,Backhand
7534,Backhand
7535,Backhand
7536,Backhand
7537,Backhand
7538,Backhand
7539,Backhand
7540,Backhand
7541,Backhand
7542,Backhand
7543,Backhand
7544,Backhand
7545,Backhand
7546,Backhand
7547,Backhand
7548,Backhand
7549,Backhand
7550,Backhand
7551,Backhand
7552,Backhand
7553,Backhand
7554,Backhand
7555,Backhand
7556,Backhand
7557,Backhand
7558,Backhand
7559,Backhand
7560,Backhand
7561,Backhand
7562,Backhand
7563,Backhand
7564,Backhand
7565,Backhand
7566,Backhand
7567,Backhand
7568,Backhand
7569,Backhand
7570,Backhand
7571,Backhand
7572,Backhand
7573,Backhand
7574,Backhand
7575,Backhand
7576,Backhand
7577,Backhand
7578,Backhand
7579,Backhand
7580,Backhand
7581,Forehand
7582,Backhand
7583,Backhand
7584,Backhand
7585,Forehand
7586,Backhand
7587,Backhand
7588,Backhand
7589,Backhand
7590,Forehand
7591,Forehand
7592,Forehand
7593,Forehand
7594,Forehand
7595,Forehand
7596,Forehand
7597,Forehand
7598,Forehand
7599,Forehand
7600,Forehand
7601,Forehand
7602,Forehand
7603,Forehand
7604,Forehand
7605,Forehand
7606,Forehand
7607,Forehand
7608,Forehand
7609,Forehand
7610,Forehand
7611,Backhand
7612,Backhand
7613,Backhand
7614,Backhand
7615,Backhand
7616,Backhand
7617,Backhand
7618,Backhand
7619,Backhand
7620,Backhand
7621,Backhand
7622,Backhand
7623,Backhand
7624,Backhand
7625,Backhand
7626,Backhand
7627,Backhand
7628,Backhand
7629,Backhand
7630,Backhand
7631,Backhand
7632,Backhand
7633,Backhand
7634,Backhand
7635,Backhand
7636,Backhand
7637,Backhand
7638,Backhand
7639,Backhand
7640,Backhand
7641,Backhand
7642,Backhand
7643,Backhand
7644,Backhand
7645,Backhand
7646,Backhand
7647,Backhand
7648,Backhand
7649,Backhand
7650,Backhand
7651,Backhand
7652,Backhand
7653,Forehand
7654,Backhand
7655,Backhand
7656,Backhand
7657,Backhand
7658,Backhand
7659,Backhand
7660,Backhand
7661,Backhand
7662,Backhand
7663,Backhand
7664,Backhand
7665,Backhand
7666,Backhand
7667,Backhand
7668,Backhand
7669,Backhand
7670,Backhand
7671,Backhand
7672,Backhand
7673,Backhand
7674,Backhand
7675,Backhand
7676,Backhand
7677,Backhand
7678,Backhand
7679,Backhand
7680,Backhand
7681,Backhand
7682,Backhand
7683,Backhand
7684,Backhand
7685,Backhand
7686,Backhand
7687,Backhand
7688,Backhand
7689,Backhand
7690,Backhand
7691,Backhand
7692,Backhand
7693,Backhand
7694,Backhand
7695,Backhand
7696,Backhand
7697,Backhand
7698,Backhand
7699,Backhand
7700,Backhand
7701,Backhand
7702,Backhand
7703,Backhand
7704,Backhand
7705,Backhand
7706,Backhand
7707,Backhand
7708,Backhand
7709,Backhand
7710,Backhand
7711,Backhand
7712,Backhand
7713,Backhand
7714,Backhand
7715,Backhand
7716,Backhand
7717,Backhand
7718,Backhand
7719,Backhand
7720,Backhand
7721,Backhand
7722,Backhand
7723,Backhand
7724,Backhand
7725,Backhand
7726,Backhand
7727,Backhand
7728,Backhand
7729,Backhand
7730,Backhand
7731,Backhand
7732,Backhand
7733,Backhand
7734,Backhand
7735,Backhand
7736,Backhand
7737,Backhand
7738,Backhand
7739,Backhand
7740,Backhand
7741,Backhand
7742,Backhand
7743,Backhand
7744,Backhand
7745,Backhand
7746,Backhand
7747,Backhand
7748,Backhand
7749,Backhand
7750,Backhand
7751,Backhand
7752,Backhand
7753,Backhand
7754,Backhand
7755,Backhand
7756,Backhand
7757,Backhand
7758,Backhand
7759,Backhand
7760,Backhand
7761,Backhand
7762,Backhand
7763,Backhand
7764,Backhand
7765,Backhand
7766,Backhand
7767,Backhand
7768,Backhand
7769,Backhand
7770,Backhand
7771,Backhand
7772,Backhand
7773,Backhand
7774,Backhand
7775,Backhand
7776,Backhand
7777,Backhand
7778,Backhand
7779,Backhand
7780,Backhand
7781,Backhand
7782,Backhand
7783,Backhand
7784,Backhand
7785,Backhand
7786,Backhand
7787,Backhand
7788,Backhand
7789,Backhand
7790,Backhand
7791,Backhand
7792,Backhand
7793,Backhand
7794,Backhand
7795,Backhand
7796,Backhand
7797,Backhand
7798,Backhand
7799,Backhand
7800,Backhand
7801,Smash
7802,Smash
7803,Smash
7804,Smash
7805,Smash
7806,Smash
7807,Smash
7808,Smash
7809,Smash
7810,Smash
7811,Smash
7812,Smash
7813,Smash
7814,Smash
7815,Smash
7816,Smash
7817,Smash
7818,Smash
7819,Forehand
7820,Backhand
7821,Backhand
7822,Backhand
7823,Backhand
7824,Backhand
7825,Backhand
7826,Backhand
7827,Backhand
7828,Backhand
7829,Backhand
7830,Backhand
7831,Backhand
7832,Backhand
7833,Backhand
7834,Backhand
7835,Backhand
7836,Backhand
7837,Backhand
7838,Backhand
7839,Backhand
7840,Backhand
7841,Backhand
7842,Backhand
7843,Backhand
7844,Backhand
7845,Backhand
7846,Backhand
7847,Backhand
7848,Backhand
7849,Backhand
7850,Backhand
7851,Backhand
7852,Backhand
7853,Backhand
7854,Backhand
7855,Backhand
7856,Backhand
7857,Backhand
7858,Backhand
7859,Backhand
7860,Backhand
7861,Backhand
7862,Backhand
7863,Backhand
7864,Backhand
7865,Backhand
7866,Backhand
7867,Backhand
7868,Backhand
7869,Backhand
7870,Backhand
7871,Backhand
7872,Backhand
7873,Backhand
7874,Backhand
7875,Backhand
7876,Backhand
7877,Backhand
7878,Backhand
7879,Backhand
7880,Backhand
7881,Backhand
7882,Backhand
7883,Backhand
7884,Backhand
7885,Backhand
7886,Backhand
7887,Backhand
7888,Backhand
7889,Backhand
7890,Backhand
7891,Backhand
7892,Backhand
7893,Backhand
7894,Backhand
7895,Backhand
7896,Backhand
7897,Backhand
7898,Backhand
7899,Backhand
7900,Backhand
7901,Backhand
7902,Backhand
7903,Backhand
7904,Backhand
7905,Backhand
7906,Backhand
7907,Backhand
7908,Backhand
7909,Backhand
7910,Backhand
7911,Backhand
7912,Backhand
7913,Backhand
7914,Backhand
7915,Backhand
7916,Backhand
7917,Backhand
7918,Backhand
7919,Backhand
7920,Backhand
7921,Backhand
7922,Backhand
7923,Backhand
7924,Backhand
7925,Backhand
7926,Backhand
7927,Backhand
7928,Backhand
7929,Backhand
7930,Backhand
7931,Backhand
7932,Backhand
7933,Backhand
7934,Backhand
7935,Backhand
7936,Backhand
7937,Backhand
7938,Backhand
7939,Backhand
7940,Backhand
7941,Backhand
7942,Backhand
7943,Backhand
7944,Backhand
7945,Backhand
7946,Backhand
7947,Backhand
7948,Backhand
7949,Backhand
7950,Backhand
7951,Backhand
7952,Backhand
7953,Backhand
7954,Backhand
7955,Backhand
7956,Backhand
7957,Backhand
7958,Backhand
7959,Backhand
7960,Backhand
7961,Backhand
7962,Backhand
7963,Backhand
7964,Backhand
7965,Backhand
7966,Backhand
7967,Backhand
7968,Backhand
7969,Backhand
7970,Backhand
7971,Backhand
7972,Backhand
7973,Backhand
7974,Backhand
7975,Backhand
7976,Backhand
7977,Backhand
7978,Backhand
7979,Backhand
7980,Backhand
7981,Backhand
7982,Backhand
7983,Backhand
7984,Backhand
7985,Backhand
7986,Backhand
7987,Backhand
7988,Backhand
7989,Backhand
7990,Backhand
7991,Backhand
7992,Backhand
7993,Backhand
7994,Backhand
7995,Backhand
7996,Backhand
7997,Backhand
7998,Backhand
7999,Backhand
8000,Backhand
8001,Backhand
8002,Backhand
8003,Backhand
8004,Backhand
8005,Backhand
8006,Backhand
8007,Backhand
8008,Backhand
8009,Backhand
8010,Backhand
8011,Backhand
8012,Backhand
8013,Backhand
8014,Backhand
8015,Backhand
8016,Backhand
8017,Backhand
8018,Backhand
8019,Backhand
8020,Backhand
8021,Backhand
8022,Backhand
8023,Backhand
8024,Backhand
8025,Backhand
8026,Backhand
8027,Backhand
8028,Backhand
8029,Backhand
8030,Backhand
8031,Backhand
8032,Backhand
8033,Backhand
8034,Backhand
8035,Backhand
8036,Backhand
8037,Backhand
8038,Backhand
8039,Backhand
8040,Backhand
8041,Backhand
8042,Backhand
8043,Backhand
8044,Backhand
8045,Backhand
8046,Backhand
8047,Backhand
8048,Backhand
8049,Backhand
8050,Backhand
8051,Backhand
8052,Backhand
8053,Backhand
8054,Backhand
8055,Backhand
8056,Backhand
8057,Backhand
8058,Backhand
8059,Backhand
8060,Backhand
8061,Backhand
8062,Backhand
8063,Backhand
8064,Backhand
8065,Backhand
8066,Backhand
8067,Backhand
8068,Backhand
8069,Backhand
8070,Backhand
8071,Backhand
8072,Backhand
8073,Backhand
8074,Backhand
8075,Forehand
8076,Forehand
8077,Backhand
8078,Backhand
8079,Backhand
8080,Backhand
8081,Backhand
8082,Backhand
8083,Backhand
8084,Backhand
8085,Backhand
8086,Backhand
8087,Backhand
8088,Backhand
8089,Backhand
8090,Backhand
8091,Backhand
8092,Backhand
8093,Backhand
8094,Backhand
8095,Backhand
8096,Backhand
8097,Backhand
8098,Backhand
8099,Backhand
8100,Backhand
8101,Backhand
8102,Backhand
8103,Backhand
8104,Backhand
8105,Backhand
8106,Backhand
8107,Backhand
8108,Backhand
8109,Backhand
8110,Backhand
8111,Backhand
8112,Backhand
8113,Backhand
8114,Backhand
8115,Backhand
8116,Backhand
8117,Backhand
8118,Backhand
8119,Backhand
8120,Backhand
8121,Backhand
8122,Backhand
8123,Backhand
8124,Backhand
8125,Backhand
